x,y,speed,Player.x,Player.y
625.0,400.0,100.0,1180.0,400.0
625.0,285.9989,99.8,984.0,628.0
625.0,165.2957,99.6004,1068.0,527.0
625.0,418.28104,99.4012,1089.0,516.0
625.0,428.22186,99.2024,1089.0,516.0
625.0,432.19492,99.004,1090.0,516.0
625.0,436.14786,98.80599,1090.0,516.0
625.0,440.10306,98.60838,1093.0,515.0
625.0,455.88275,98.41116,1093.0,514.0
625.0,473.59332,98.21434,1094.0,513.0
625.0,488.33078,98.017914,1094.0,513.0
625.0,504.00824,97.82188,1094.0,513.0
625.0,519.66016,97.626236,1094.0,513.0
625.0,536.2567,97.430984,1094.0,513.0
625.0,553.7942,97.23612,1094.0,513.0
625.0,569.35187,97.04165,1094.0,513.0
625.0,588.7601,96.847565,1094.0,513.0
625.0,600.38306,96.65387,1094.0,513.0
625.0,617.77966,96.46056,1094.0,513.0
625.0,634.179,96.26764,1093.0,517.0
625.0,650.5423,96.0751,1091.0,521.0
625.0,666.8761,95.88295,1091.0,525.0
625.0,666.8761,95.691185,1091.0,527.0
625.0,683.14417,95.4998,1091.0,529.0
625.0,698.4231,95.3088,1090.0,529.0
625.0,713.6733,95.11818,1090.0,531.0
625.0,729.8412,94.92794,1090.0,532.0
625.0,735.26495,94.73808,1090.0,534.0
625.0,735.27606,94.54861,1090.0,536.0
625.0,735.1914,94.35951,1090.0,539.0
625.0,735.15924,94.17079,1090.0,540.0
625.0,736.17993,93.98245,1091.0,542.0
625.0,735.03937,93.79449,1091.0,544.0
625.0,735.94385,93.606895,1092.0,546.0
625.0,735.0795,93.419685,1092.0,546.0
625.0,735.9358,93.23285,1093.0,548.0
625.0,735.8493,93.04639,1093.0,549.0
625.0,734.9491,92.86029,1093.0,549.0
625.0,734.9338,92.67457,1093.0,549.0
625.0,734.8269,92.48922,1093.0,549.0
625.0,734.88,92.304245,1093.0,549.0
625.0,735.6909,92.11964,1093.0,549.0
625.0,736.581,91.935394,1093.0,549.0
625.0,733.7891,91.751526,1093.0,549.0
625.0,735.5997,91.56802,1093.0,549.0
625.0,735.5648,91.38489,1093.0,549.0
625.0,735.5361,91.20212,1093.0,549.0
625.0,735.50446,91.019714,1093.0,549.0
625.0,734.56213,90.83768,1093.0,549.0
625.0,734.5343,90.656,1093.0,547.0
625.0,734.5084,90.474686,1093.0,543.0
625.0,734.4737,90.29374,1092.0,540.0
625.0,736.2523,90.11315,1092.0,539.0
625.0,734.4184,89.93292,1091.0,538.0
625.0,734.38916,89.75306,1091.0,538.0
625.0,734.3604,89.573555,1091.0,538.0
625.0,734.3355,89.39441,1089.0,537.0
625.0,735.1924,89.21562,1088.0,536.0
625.0,736.0574,89.03719,1087.0,535.0
625.0,733.35956,88.859116,1085.0,533.0
625.0,735.1031,88.6814,1085.0,533.0
625.0,734.19025,88.504036,1083.0,531.0
625.0,734.15967,88.32703,1083.0,530.0
625.0,735.8979,88.150375,1079.0,527.0
625.0,734.9883,87.974075,1078.0,525.0
625.0,734.07446,87.79813,1074.0,523.0
625.0,734.92755,87.62253,1070.0,522.0
625.0,734.8946,87.44728,1069.0,521.0
625.0,733.9906,87.272385,1069.0,521.0
625.0,733.9639,87.09784,1067.0,520.0
625.0,733.93896,86.923645,1067.0,520.0
625.0,733.90424,86.749794,1067.0,520.0
625.0,733.88074,86.576294,1066.0,519.0
625.0,733.85205,86.403145,1065.0,518.0
625.0,733.82355,86.23034,1065.0,517.0
625.0,733.79803,86.05788,1065.0,517.0
625.0,734.6308,85.88576,1062.0,516.0
625.0,733.7408,85.71399,1061.0,516.0
625.0,734.5706,85.542564,1059.0,514.0
625.0,734.54114,85.37148,1056.0,513.0
625.0,733.6598,85.20074,1053.0,511.0
625.0,733.63196,85.030334,1051.0,510.0
625.0,734.45776,84.860275,1050.0,509.0
625.0,720.0,84.69055,1047.0,507.0
625.0,734.3983,84.52117,1045.0,505.0
625.0,734.36835,84.35213,1043.0,505.0
625.0,735.18243,84.183426,1041.0,505.0
625.0,732.6288,84.01506,1040.0,505.0
625.0,733.44104,83.84703,1039.0,505.0
625.0,734.25543,83.67934,1039.0,505.0
625.0,733.3873,83.51198,1039.0,505.0
625.0,733.363,83.344955,1038.0,505.0
625.0,734.16956,83.17827,1038.0,505.0
625.0,734.13837,83.01191,1038.0,505.0
625.0,734.1114,82.84589,1038.0,505.0
625.0,734.0835,82.68019,1038.0,505.0
625.0,733.23236,82.51483,1038.0,505.0
625.0,734.024,82.3498,1038.0,505.0
625.0,734.0008,82.1851,1036.0,505.0
625.0,733.97156,82.02073,1031.0,506.0
625.0,733.12244,81.85669,1026.0,508.0
625.0,733.09656,81.69298,1016.0,513.0
625.0,733.0723,81.529594,1001.0,521.0
625.0,733.8609,81.36654,983.0,532.0
625.0,733.83167,81.203804,963.0,543.0
625.0,733.8036,81.0414,942.0,555.0
625.0,733.7759,80.87931,931.0,563.0
625.0,733.75006,80.71755,922.0,570.0
625.0,732.91504,80.556114,909.0,581.0
625.0,734.50165,80.395004,902.0,587.0
625.0,733.6661,80.234215,891.0,595.0
625.0,732.83734,80.073746,882.0,600.0
625.0,732.81213,79.9136,871.0,608.0
625.0,732.78644,79.75377,862.0,615.0
625.0,733.5579,79.59426,855.0,620.0
625.0,733.5323,79.435074,847.0,627.0
625.0,733.5025,79.27621,843.0,632.0
625.0,732.68524,79.11765,837.0,636.0
625.0,733.44934,78.95942,830.0,640.0
625.0,733.42395,78.8015,823.0,644.0
625.0,733.39636,78.6439,813.0,649.0
625.0,733.36884,78.48661,808.0,653.0
625.0,733.3432,78.329636,802.0,655.0
625.0,732.53107,78.17297,797.0,658.0
625.0,732.50867,78.016624,794.0,661.0
625.0,733.263,77.86059,790.0,664.0
625.0,732.45685,77.704865,786.0,667.0
625.0,732.4326,77.54945,782.0,669.0
625.0,732.40936,77.394356,776.0,673.0
625.0,733.15594,77.23957,770.0,675.0
625.0,732.3583,77.08509,762.0,679.0
625.0,732.33655,76.93092,755.0,681.0
625.0,732.30615,76.77706,747.0,686.0
625.0,732.29736,76.623505,741.0,688.0
625.0,733.0126,76.47026,737.0,689.0
625.0,732.2393,76.31732,734.0,691.0
625.0,732.96924,76.16469,731.0,692.0
625.0,732.1866,76.01236,727.0,693.0
625.0,733.687,75.86034,723.0,696.0
625.0,732.13464,75.70862,720.0,697.0
625.0,731.8349,75.5572,717.0,699.0
625.0,733.10486,75.40608,715.0,699.0
625.0,732.0583,75.25527,711.0,701.0
625.0,732.2169,75.10476,708.0,701.0
625.0,720.0,74.95455,705.0,704.0
625.0,732.0407,74.80464,703.0,705.0
625.0,732.99005,74.65503,702.0,706.0
625.0,731.2447,74.50572,701.0,706.0
625.0,731.9795,74.35671,698.0,709.0
625.0,732.97406,74.208,697.0,711.0
625.0,731.9269,74.059586,696.0,712.0
625.0,731.15424,73.91147,696.0,713.0
625.0,731.8839,73.76365,695.0,714.0
625.0,732.6149,73.61612,695.0,714.0
625.0,731.05255,73.46889,695.0,714.0
625.0,732.5538,73.32195,695.0,714.0
625.0,731.78406,73.17531,695.0,714.0
625.0,732.075,73.02896,695.0,714.0
625.0,732.8195,72.882904,695.0,714.0
625.0,731.3409,72.73714,695.0,714.0
625.0,732.19147,72.59166,695.0,714.0
625.0,731.7995,72.44648,695.0,715.0
625.0,731.85345,72.30159,697.0,714.0
625.0,732.16974,72.15699,698.0,712.0
625.0,731.9387,72.01267,699.0,711.0
625.0,731.60925,71.868645,703.0,702.0
625.0,731.41986,71.72491,708.0,695.0
625.0,732.1922,71.58146,710.0,693.0
625.0,732.16693,71.43829,710.0,693.0
625.0,731.9808,71.29542,710.0,693.0
625.0,732.1733,71.152824,710.0,693.0
625.0,731.98444,71.01052,710.0,693.0
625.0,731.412,70.8685,710.0,693.0
625.0,731.3929,70.72676,710.0,693.0
625.0,731.10254,70.585304,710.0,693.0
625.0,732.02374,70.44413,710.0,693.0
625.0,731.3275,70.30324,708.0,695.0
625.0,731.4361,70.16263,703.0,698.0
625.0,732.1699,70.0223,699.0,702.0
625.0,731.7214,70.0,697.0,706.0
625.0,731.203,70.0,697.0,706.0
625.0,731.4569,70.0,695.0,708.0
625.0,731.6277,70.0,695.0,709.0
625.0,731.2129,70.0,692.0,710.0
624.1807,731.4831,139.19133,690.0,711.0
600.6464,722.0547,138.91295,689.0,712.0
578.47217,721.936,138.63512,689.0,712.0
556.33563,721.9327,138.35785,689.0,712.0
533.95435,721.95404,138.08113,689.0,712.0
511.82074,721.93243,137.80496,689.0,712.0
489.74292,721.92755,137.52936,689.0,712.0
469.10852,721.8015,137.2543,689.0,712.0
445.72726,722.0413,136.9798,689.0,712.0
423.62213,721.92993,136.70584,689.0,712.0
401.72708,721.9116,136.43243,689.0,712.0
378.77014,722.0043,136.15958,689.0,712.0
355.65674,722.01794,135.88725,689.0,712.0
333.7757,721.91034,135.61548,697.0,710.0
311.12997,721.9771,135.34425,718.0,703.0
286.34756,722.1637,135.07356,746.0,696.0
262.3154,722.0982,134.80342,760.0,691.0
240.82617,721.87616,134.53381,771.0,685.0
220.72633,721.7549,134.26474,776.0,683.0
199.32484,721.86847,133.99622,779.0,681.0
179.24872,721.7528,133.72823,781.0,680.0
179.24872,720.0,133.46077,781.0,678.0
157.97285,721.85754,133.19385,783.0,677.0
136.74088,721.8537,132.92746,783.0,677.0
115.55838,721.84937,132.6616,783.0,677.0
94.41124,721.8463,132.39629,783.0,677.0
71.98904,721.95764,132.1315,783.0,677.0
60.178642,721.7305,131.86723,783.0,677.0
58.877945,721.8441,131.6035,783.0,677.0
57.57741,721.95764,131.34029,783.0,677.0
60.34274,721.7162,131.0776,783.0,677.0
57.40977,721.9723,130.81544,783.0,677.0
60.37294,721.71356,130.55382,783.0,677.0
59.044495,721.8296,130.29271,783.0,677.0
57.87369,721.93176,130.03212,783.0,677.0
60.494225,721.703,129.77205,783.0,677.0
58.417824,721.8843,129.51251,783.0,677.0
59.258343,721.8109,129.2535,783.0,677.0
59.29918,721.8073,128.99498,783.0,677.0
56.97196,722.0105,128.73698,783.0,677.0
60.684784,721.68634,128.4795,783.0,677.0
59.416866,721.79706,128.22255,783.0,677.0
57.985485,721.922,127.9661,783.0,677.0
60.801083,721.6762,127.71017,783.0,677.0
58.255642,721.89844,127.45475,783.0,677.0
59.583576,721.7825,127.199844,783.0,676.0
59.615665,721.7797,126.94544,784.0,674.0
57.61176,721.95465,126.69155,784.0,672.0
59.774868,721.7658,126.43817,785.0,671.0
61.07579,721.6522,126.185295,786.0,669.0
59.687366,721.77344,125.93292,787.0,667.0
59.22868,721.8135,125.68105,787.0,666.0
59.444008,721.7947,125.42969,787.0,664.0
59.59695,721.7813,125.178825,787.0,664.0
59.16463,721.8191,124.92847,787.0,663.0
59.925526,721.7526,124.67861,788.0,662.0
60.024548,721.744,124.42925,788.0,661.0
56.29569,722.0696,124.1804,788.0,661.0
62.899223,721.49304,123.93204,789.0,661.0
59.86526,721.7579,123.68417,789.0,661.0
60.19718,721.72894,123.436806,789.0,661.0
60.28659,721.7211,123.18993,789.0,661.0
59.04098,721.8299,122.94355,789.0,661.0
61.530617,721.6125,122.69766,789.0,661.0
60.209915,721.7278,122.45227,789.0,661.0
58.16862,721.906,122.20737,789.0,661.0
60.301414,721.71985,121.96295,789.0,661.0
60.558907,721.6973,121.719025,789.0,660.0
58.164753,721.9064,121.475586,789.0,658.0
60.646637,721.6897,121.232635,791.0,656.0
58.25744,721.89825,120.99017,792.0,654.0
60.718548,721.6834,120.74819,792.0,654.0
58.345528,721.89056,120.5067,792.0,652.0
61.993458,721.5721,120.265686,794.0,650.0
59.63159,721.7783,120.025154,794.0,650.0
59.672928,721.7747,119.7851,794.0,649.0
59.713463,721.7712,119.54553,794.0,648.0
60.94425,721.6637,119.30644,795.0,646.0
60.98343,721.6603,119.06783,796.0,644.0
59.83328,721.7607,118.8297,796.0,644.0
61.061195,721.6535,118.59204,798.0,642.0
59.914455,721.7536,118.35486,798.0,642.0
80.0,720.0,118.11815,799.0,640.0
59.99636,721.74646,117.88191,800.0,638.0
60.036488,721.743,117.64615,801.0,637.0
60.07571,721.7395,117.41086,803.0,635.0
60.116848,721.73596,117.17603,804.0,634.0
60.15486,721.7326,116.94168,806.0,630.0
60.199097,721.72876,116.707794,807.0,630.0
61.3931,721.6245,116.47438,807.0,629.0
60.273117,721.7223,116.24143,808.0,629.0
60.31477,721.7187,116.00895,808.0,629.0
60.354717,721.71515,115.77693,808.0,629.0
60.39124,721.712,115.54538,808.0,629.0
60.435524,721.7081,115.314285,808.0,629.0
61.61584,721.60504,115.08366,808.0,629.0
61.659374,721.60126,114.85349,809.0,627.0
60.54821,721.6983,114.62379,809.0,627.0
60.58597,721.695,114.39454,809.0,627.0
60.627537,721.69135,114.16575,809.0,627.0
60.667988,721.6878,113.937416,809.0,627.0
61.83592,721.5859,113.70954,809.0,627.0
60.74252,721.68134,113.482124,809.0,627.0
60.673126,722.5144,143.38872,809.0,626.0
85.4774,743.7536,143.10194,809.0,626.0
90.94372,743.7055,142.81573,810.0,626.0
96.07762,742.264,142.5301,811.0,626.0
101.522545,743.61273,142.24504,811.0,626.0
106.63638,742.17694,141.96056,812.0,625.0
112.058464,743.5137,141.67664,812.0,625.0
117.22422,742.173,93.76272,812.0,625.0
131.0128,727.99786,93.575195,812.0,625.0
143.96494,727.5127,93.38805,812.0,625.0
157.69649,727.9648,93.20127,812.0,625.0
170.59573,727.482,93.01487,812.0,625.0
184.27554,727.93475,92.82884,812.0,625.0
197.92558,727.9175,92.64318,813.0,624.0
213.95432,729.29724,92.45789,816.0,624.0
225.14912,726.4934,92.27298,819.0,625.0
238.71982,727.87146,92.08843,821.0,627.0
252.26259,727.8553,91.90426,824.0,628.0
265.77676,727.8387,91.72045,825.0,629.0
279.26462,727.8234,91.53701,828.0,631.0
292.7236,727.8067,91.353935,829.0,632.0
306.15686,727.79175,91.17123,829.0,632.0
318.77505,727.319,90.988884,829.0,632.0
331.3693,727.3051,90.80691,829.0,632.0
343.93558,727.2889,90.6253,829.0,632.0
356.479,727.27563,90.444046,829.0,632.0
368.99704,727.26086,90.26316,829.0,632.0
381.49075,727.24677,90.082634,831.0,633.0
394.56827,727.58545,89.902466,831.0,635.0
407.01205,727.21783,89.722664,833.0,640.0
419.42645,727.2008,89.54322,835.0,645.0
431.94775,727.2628,89.364136,836.0,652.0
445.73804,727.99884,89.18541,839.0,662.0
457.3569,726.7394,89.00704,841.0,674.0
469.73996,727.1826,88.829025,843.0,681.0
482.09833,727.1683,88.65137,846.0,687.0
494.42523,727.15,88.47407,846.0,692.0
507.47388,727.56866,88.29712,849.0,697.0
519.4333,726.9369,88.12052,851.0,701.0
519.4333,720.0,87.94428,851.0,705.0
532.4867,727.5715,87.768394,854.0,709.0
545.40643,727.4939,87.59286,855.0,713.0
557.51605,727.024,87.41767,856.0,717.0
569.6248,727.0235,87.242836,856.0,719.0
581.6905,726.99854,87.06835,857.0,720.0
594.49945,727.4296,86.89422,857.0,722.0
607.2728,727.409,86.72043,857.0,723.0
620.0247,727.39655,86.54699,857.0,724.0
632.0011,726.9467,86.37389,857.0,724.0
644.0522,726.99005,86.20115,857.0,725.0
655.7445,726.782,86.02875,857.0,725.0
668.5417,727.4228,85.85669,857.0,725.0
680.4923,726.93176,85.684975,857.0,725.0
691.6559,726.4753,85.5136,857.0,725.0
704.29504,727.3312,85.342575,857.0,726.0
716.52057,727.09125,85.17189,857.0,728.0
729.0782,727.2839,85.00155,855.0,729.0
741.64307,727.2881,84.83154,854.0,730.0
753.6185,726.94617,84.66188,853.0,730.0
766.06775,727.22095,84.49255,851.0,730.0
778.49347,727.20734,84.32357,850.0,730.0
784.1345,726.444,180.36938,849.0,730.0
755.6034,715.6748,180.00865,849.0,730.0
727.12683,711.3579,179.64864,849.0,730.0
696.933,706.78064,179.28934,849.0,730.0
668.5511,702.4781,178.93076,849.0,730.0
638.49274,697.9214,178.57289,849.0,730.0
610.2458,693.6393,178.21574,849.0,730.0
582.05707,689.366,177.85931,849.0,730.0
553.9152,685.09985,177.5036,849.0,730.0
524.0794,680.5769,177.14859,849.0,730.0
496.05774,676.329,176.7943,848.0,730.0
468.35098,672.1288,176.4407,848.0,730.0
437.48615,667.4498,176.08783,848.0,728.0
408.67142,663.08167,175.73566,847.0,723.0
377.8161,658.4042,175.38419,845.0,718.0
351.69345,654.4441,175.03342,844.0,711.0
322.5622,650.02795,174.68335,843.0,704.0
293.9595,645.69196,174.33398,843.0,698.0
264.52756,641.2302,173.98532,843.0,694.0
235.24684,636.7914,173.63734,843.0,687.0
206.81456,632.4812,173.29007,843.0,684.0
176.80087,627.9313,172.9435,843.0,672.0
145.74518,623.2234,172.59761,844.0,656.0
127.29266,616.5761,212.61053,850.0,634.0
159.93202,606.9887,212.18532,860.0,607.0
192.66959,597.37244,211.76094,866.0,581.0
226.40733,587.4624,211.33742,879.0,552.0
259.62744,577.7044,210.91475,887.0,532.0
295.49606,567.16846,210.49292,890.0,521.0
328.82944,557.3772,210.07193,895.0,512.0
361.1748,547.87616,209.65178,900.0,503.0
393.5812,538.3572,209.23248,906.0,496.0
425.85516,528.8771,208.81401,910.0,492.0
457.9736,519.4427,208.39638,916.0,488.0
490.0522,510.02,207.97958,921.0,483.0
524.13275,500.00925,207.56363,923.0,480.0
560.14026,489.4325,207.1485,928.0,478.0
595.9173,478.92343,206.7342,935.0,473.0
595.9173,478.92343,206.32074,938.0,473.0
627.5881,469.6205,205.9081,939.0,472.0
661.1759,459.75452,205.49628,939.0,472.0
690.8262,451.0451,205.08528,939.0,472.0
726.1776,440.66104,204.67511,939.0,472.0
755.7133,431.9853,204.26576,939.0,472.0
790.90234,421.64896,203.85722,939.0,472.0
822.2028,412.45483,203.44951,939.0,470.0
853.4282,403.28278,203.0426,939.0,465.0
884.59894,394.12677,202.63652,935.0,455.0
915.7272,384.98325,202.23125,932.0,443.0
947.1031,374.274,129.34837,930.0,428.0
932.334,344.05765,129.08968,930.0,427.0
922.6974,324.342,128.8315,930.0,424.0
914.18414,306.92468,128.57384,930.0,404.0
904.6092,287.33517,128.3167,954.0,362.0
895.5922,268.8873,128.06006,1000.0,306.0
886.01263,249.28828,127.80394,1051.0,259.0
877.03064,230.91194,127.54833,1079.0,239.0
868.06384,212.56662,127.293236,1089.0,234.0
858.52057,193.04196,127.03865,1090.0,233.0
849.17615,173.9241,126.78458,1092.0,232.0
840.7905,156.7679,126.531006,1092.0,232.0
831.8651,138.50728,126.27795,1092.0,232.0
822.94855,120.26481,126.02539,1092.0,232.0
814.0712,102.10264,125.77334,1092.0,232.0
805.7552,85.088806,125.52179,1092.0,232.0
796.8896,66.95061,125.270744,1092.0,232.0
788.0676,61.950974,125.0202,1092.0,232.0
779.24286,61.94529,124.770164,1092.0,232.0
769.49023,60.04695,124.52062,1092.0,232.0
761.2562,63.153946,124.27158,1092.0,232.0
752.48456,62.05396,124.02304,1092.0,232.0
742.9349,60.46215,123.774994,1092.0,232.0
733.69604,61.098164,123.52744,1093.0,231.0
724.9743,62.156094,123.28039,1093.0,231.0
715.4551,60.52443,123.03383,1092.0,230.0
706.5785,61.839306,122.78776,1090.0,230.0
697.3807,61.182076,122.54218,1082.0,228.0
688.8687,62.585213,122.2971,1081.0,228.0
680.2088,62.28262,122.052505,1077.0,228.0
671.936,63.074562,121.8084,1075.0,228.0
662.6768,61.056606,121.56479,1067.0,232.0
654.40265,63.07175,121.32166,1055.0,241.0
645.4248,61.632168,121.07902,1042.0,248.0
636.14496,61.014267,120.83686,1038.0,253.0
627.3636,62.034077,120.595184,1035.0,256.0
619.32416,63.552067,120.354,1035.0,258.0
609.8451,60.606663,120.11329,1035.0,259.0
601.1101,62.129032,119.87306,1033.0,261.0
592.6782,62.749138,119.633316,1033.0,261.0
584.2309,62.717537,119.39405,1033.0,261.0
575.551,62.24173,119.155266,1033.0,261.0
566.8875,62.27521,118.916954,1033.0,261.0
558.2467,62.321663,118.67912,1033.0,261.0
549.86804,62.85794,118.441765,1033.0,261.0
541.4278,62.73197,118.20488,1033.0,261.0
533.0166,62.791462,117.96847,1033.0,261.0
524.7159,63.0175,117.73253,1033.0,261.0
516.4035,62.99361,117.49706,1033.0,261.0
508.10626,63.024563,117.26207,1033.0,261.0
508.10626,80.0,117.02754,1033.0,261.0
499.30704,61.99757,116.79349,1033.0,261.0
491.05716,63.12149,116.5599,1033.0,261.0
482.82962,63.167183,116.32678,1033.0,261.0
475.1352,64.257866,116.09413,1033.0,262.0
466.94223,63.23789,115.861946,1033.0,262.0
458.75845,63.256737,115.63022,1033.0,262.0
450.27872,62.651226,115.39896,1033.0,262.0
441.6438,62.333733,115.16816,1033.0,262.0
433.5335,63.407074,114.93782,1033.0,262.0
425.93146,64.44687,114.70795,1033.0,262.0
417.3199,62.3815,114.47853,1033.0,262.0
408.80768,62.584793,114.24957,1033.0,262.0
400.74216,63.498672,114.02107,1033.0,262.0
393.20074,64.570915,113.79303,1033.0,262.0
384.4461,62.088757,113.565445,1033.0,262.0
376.1178,62.961018,113.33832,1033.0,262.0
367.35458,62.07123,113.11164,1033.0,262.0
359.3726,63.66953,112.885414,1033.0,262.0
351.03992,62.952095,112.659645,1033.0,262.0
343.46106,64.49431,112.434326,1033.0,262.0
335.55316,63.821156,112.20946,1033.0,262.0
327.13016,62.76727,111.98504,1033.0,262.0
319.7244,64.84844,111.76107,1033.0,262.0
311.82858,63.84584,111.53755,1033.0,262.0
303.95218,63.885563,111.314476,1033.0,262.0
296.08963,63.91389,111.09185,1033.0,262.0
287.56445,62.558243,110.86967,1033.0,262.0
280.2315,64.99746,110.64793,1033.0,262.0
272.41788,64.01399,110.42663,1033.0,262.0
264.1249,63.03333,110.20577,1033.0,262.0
256.8361,65.08769,109.98536,1033.0,262.0
248.5897,63.1286,109.76539,1033.0,262.0
241.32982,65.14689,109.54586,1033.0,262.0
233.59213,64.16938,109.32677,1033.0,262.0
225.20126,62.833008,109.108116,1033.0,262.0
217.98528,65.23671,108.8899,1033.0,262.0
209.39885,62.432907,108.67212,1033.0,262.0
201.72665,64.30336,108.45477,1033.0,262.0
194.55016,65.31751,108.23786,1033.0,262.0
186.88072,64.309,108.021385,1033.0,262.0
179.26234,64.41346,107.80534,1033.0,262.0
171.64485,64.41528,107.58973,1033.0,262.0
163.23305,62.79017,107.37455,1033.0,262.0
156.13354,65.47504,107.1598,1033.0,262.0
147.35037,62.030396,106.94548,1033.0,261.0
140.02258,65.00799,106.73159,1033.0,261.0
132.10747,63.806362,106.51813,1033.0,261.0
124.96281,65.38265,106.30509,1033.0,261.0
117.3954,64.517746,106.09248,1033.0,261.0
109.47648,63.798576,105.880295,1033.0,261.0
102.42891,65.58128,105.66853,1033.0,261.0
94.47811,63.733353,105.4572,1033.0,261.0
87.27782,65.26883,105.246284,1033.0,261.0
79.16556,63.403015,105.03579,1033.0,261.0
72.35815,64.36544,104.825714,1033.0,261.0
72.86197,65.39622,104.616066,1033.0,261.0
71.94082,63.51161,104.40684,1033.0,261.0
72.38956,64.429695,104.19802,1033.0,261.0
72.640976,64.94408,103.989624,1033.0,261.0
72.68113,65.02622,103.78165,1033.0,261.0
80.0,80.0,103.57408,1033.0,260.0
72.27479,64.194885,103.366936,1033.0,259.0
71.83047,63.285847,103.1602,1033.0,258.0
72.749695,65.16651,102.95388,1033.0,256.0
72.731285,65.12884,102.74797,1033.0,252.0
71.87871,63.384544,102.54247,1034.0,249.0
74.14656,68.02438,102.33739,1036.0,247.0
72.808876,65.28758,102.13271,1039.0,244.0
71.48001,62.56884,101.92845,1040.0,242.0
73.73263,67.177505,101.724594,1041.0,238.0
72.40639,64.464134,101.52115,1044.0,235.0
73.31258,66.31811,101.31811,1046.0,233.0
72.43393,64.520485,101.11547,1047.0,230.0
73.34214,66.37859,100.91324,1049.0,227.0
72.46478,64.58361,100.71141,1049.0,226.0
73.42308,65.29056,107.70141,1049.0,222.0
84.33885,63.30403,107.48601,1051.0,219.0
89.45155,60.669865,96.729614,1052.0,216.0
95.163574,62.11202,101.72442,1052.0,214.0
103.993996,61.083202,99.95358,1052.0,213.0
114.917206,64.43407,100.41191,1053.0,210.0
135.23425,57.76111,100.21109,1054.0,210.0
146.04909,68.16217,100.010666,1054.0,209.0
156.84256,68.18555,99.810646,1054.0,209.0
167.61249,68.21131,99.61102,1054.0,208.0
179.03462,67.49741,99.411804,1054.0,207.0
189.14162,68.93695,99.21298,1054.0,205.0
199.97366,68.14332,99.01456,1054.0,200.0
211.12071,67.79853,98.81653,1054.0,196.0
222.15054,67.92682,98.6189,1054.0,190.0
232.8443,68.2947,98.42166,1054.0,183.0
243.82396,67.98175,98.224815,1054.0,179.0
254.50182,68.3121,98.028366,1054.0,175.0
265.32123,68.15715,97.832306,1054.0,171.0
276.24353,68.04454,97.63664,1054.0,167.0
286.82782,68.41453,97.44137,1054.0,165.0
297.4263,68.398994,97.24648,1054.0,163.0
309.89844,66.34809,97.05199,1054.0,161.0
318.4569,70.631966,96.85788,1054.0,159.0
329.26917,68.16498,96.66416,1054.0,158.0
339.71136,68.57003,96.47083,1054.0,155.0
350.18994,68.53021,96.27789,1054.0,153.0
360.579,68.62821,96.085335,1054.0,152.0
370.32596,69.33105,95.893166,1054.0,150.0
381.29642,67.99181,95.70138,1054.0,147.0
391.60776,68.713264,95.50997,1054.0,144.0
401.92877,68.7027,95.318954,1053.0,139.0
413.43204,67.408615,95.12832,1052.0,134.0
423.19293,69.31581,94.938065,1051.0,130.0
433.449,68.77378,94.74819,1050.0,126.0
443.7277,68.749016,94.55869,1049.0,123.0
453.98486,68.77257,94.369576,1047.0,118.0
464.1997,68.81892,94.18084,1047.0,110.0
474.41095,68.82285,93.99248,1047.0,104.0
484.60672,68.8398,93.80449,1047.0,100.0
495.64047,67.92254,93.61688,1047.0,97.0
505.68588,69.00438,93.42965,1047.0,93.0
516.4404,68.22816,93.24279,1047.0,90.0
526.61206,68.866234,93.056305,1047.0,86.0
536.70416,68.953285,92.87019,1047.0,83.0
546.9457,68.7897,92.684456,1047.0,79.0
546.9457,80.0,92.499084,1047.0,75.0
557.1185,68.86489,92.31409,1047.0,73.0
567.1837,68.98271,92.129456,1045.0,72.0
577.14185,69.09991,91.9452,1045.0,71.0
586.5479,69.7042,91.76131,1045.0,71.0
596.4635,69.14645,91.57778,1045.0,71.0
606.39886,69.12482,91.39462,1045.0,71.0
617.3118,68.05474,91.21183,1045.0,71.0
626.57526,69.86033,91.0294,1045.0,70.0
636.9335,68.661964,90.84734,1044.0,70.0
647.6841,68.232445,90.66565,1040.0,70.0
656.89496,69.91783,90.48432,1035.0,70.0
666.72455,69.24064,90.30335,1031.0,70.0
677.2247,68.50665,90.12275,1027.0,70.0
687.55817,68.689064,89.942505,1024.0,71.0
697.8707,68.71195,89.76262,1020.0,73.0
707.8791,69.04494,89.58309,1017.0,73.0
718.1513,68.75613,89.40392,1015.0,73.0
728.4012,68.78053,89.22511,1011.0,73.0
738.63116,68.802315,89.04666,1006.0,73.0
748.84247,68.8228,88.86857,1005.0,73.0
761.4304,66.22132,88.690834,1000.0,71.0
771.5995,68.86903,88.51345,998.0,70.0
781.15125,69.544716,88.336426,996.0,70.0
791.87646,68.26023,88.15975,996.0,70.0
801.9863,68.9338,87.98343,995.0,70.0
811.48004,69.60823,87.807465,995.0,70.0
820.3893,70.247986,87.63185,992.0,70.0
830.4109,69.03041,87.45659,991.0,70.0
840.48486,68.97312,87.28168,989.0,70.0
849.5736,70.05152,87.10712,988.0,70.0
859.0518,69.62524,86.9329,984.0,70.0
869.5017,68.56164,86.75903,981.0,70.0
878.3129,70.35533,86.58552,979.0,70.0
887.70435,69.72022,86.412346,977.0,70.0
898.1552,68.56053,86.239525,976.0,70.0
905.45776,70.42114,174.39525,976.0,70.0
877.8336,84.782684,174.04646,976.0,70.0
850.25037,89.5583,173.69836,976.0,70.0
822.724,94.32406,173.35097,976.0,70.0
793.33704,99.41196,173.00427,976.0,70.0
767.6676,103.85622,172.65826,976.0,70.0
740.3043,108.593735,172.31294,976.0,70.0
713.00256,113.3206,171.96832,976.0,70.0
685.74866,118.03919,171.62439,976.0,70.0
656.7743,123.05565,171.28114,976.0,70.0
629.4998,127.777794,170.93858,976.0,70.0
604.13434,132.16943,170.59671,976.0,70.0
573.9593,137.39377,170.25552,976.0,70.0
548.78375,141.75252,169.91501,976.0,70.0
518.7473,146.95285,169.57518,976.0,70.0
490.565,151.83217,169.23602,976.0,70.0
465.44882,156.18063,168.89755,976.0,70.0
435.4613,161.3725,168.55975,976.0,70.0
407.2317,166.26001,168.22264,976.0,70.0
380.7108,170.85168,167.8862,976.0,70.0
354.2325,175.43599,167.55043,976.0,70.0
327.8313,180.00694,167.21533,976.0,70.0
298.1716,185.14206,166.8809,976.0,70.0
271.85812,189.69783,166.54715,976.0,70.0
243.95917,194.52809,166.21405,976.0,70.0
243.95917,194.52809,165.88162,976.0,70.0
216.1797,199.33768,165.54987,976.0,70.0
190.07463,203.85736,165.21877,976.0,70.0
164.03365,208.36595,164.88832,976.0,70.0
134.78185,213.43045,164.55855,976.0,70.0
107.21763,218.20276,164.22943,976.0,70.0
78.09048,223.24567,163.90097,976.0,70.0
55.7767,227.43954,163.57317,976.0,70.0
52.59761,232.18384,163.24602,976.0,70.0
52.657887,236.9177,162.91953,976.0,70.0
54.312103,241.36516,162.59369,976.0,70.0
52.763298,246.08076,162.26851,976.0,70.0
52.82161,250.78627,161.94397,976.0,70.0
52.873734,255.48276,161.62009,976.0,70.0
54.51922,259.89435,161.29684,976.0,70.0
52.97895,264.57263,160.97424,976.0,70.0
53.038387,269.2406,160.6523,976.0,70.0
54.670376,273.62604,160.331,976.0,70.0
53.141544,278.27615,160.01033,976.0,70.0
53.189114,282.91803,159.6903,976.0,70.0
53.26193,287.5473,159.37093,976.0,70.0
53.302216,292.16962,159.05219,976.0,70.0
53.36047,296.78183,158.73409,976.0,70.0
54.972656,301.11493,158.41661,976.0,70.0
55.028175,305.43842,158.09978,976.0,70.0
51.954063,310.29413,157.78358,976.0,70.0
53.570457,314.87,157.46802,976.0,70.0
53.622696,319.4368,157.15308,976.0,70.0
53.678394,323.99396,156.83878,976.0,70.0
55.251244,328.2788,156.5251,976.0,70.0
210.48395,156.79424,156.21205,976.0,70.0
236.9699,154.91599,155.89963,976.0,70.0
261.8504,153.15158,155.58783,976.0,70.0
291.3489,151.0597,155.27666,976.0,70.0
316.11948,149.30309,154.96611,976.0,70.0
342.3979,147.43956,154.65617,976.0,70.0
368.62897,145.57939,154.34686,976.0,70.0
394.8002,143.72346,154.03816,976.0,70.0
419.37994,141.9804,153.73009,976.0,70.0
443.93433,140.23912,153.42262,976.0,70.0
468.40607,138.50371,153.11578,976.0,70.0
492.8408,136.77092,152.80956,976.0,70.0
515.7966,135.14302,152.50394,976.0,70.0
540.2602,133.40819,152.19893,976.0,70.0
566.60297,131.5401,151.89453,976.0,70.0
589.42053,129.922,151.59074,976.0,70.0
614.1575,128.16779,151.28757,976.0,70.0
641.16815,126.25233,150.98499,976.0,70.0
663.847,124.644066,150.68301,976.0,70.0
688.07654,122.92583,150.38165,976.0,70.0
712.09906,121.222275,150.08089,976.0,70.0
736.17896,119.514656,149.78073,976.0,70.0
761.70447,117.70452,149.48117,976.0,70.0
784.1289,116.114296,149.1822,976.0,70.0
808.15643,114.410385,148.88383,976.0,70.0
831.94403,112.723495,148.58606,976.0,70.0
855.7828,111.032974,148.2889,976.0,70.0
881.07074,109.239685,147.99231,976.0,70.0
903.2984,107.663414,147.69632,976.0,70.0
922.47705,109.29736,205.26508,976.0,70.0
920.22015,110.954414,56.151226,976.0,70.0
914.8216,118.13566,70.0,976.0,71.0
908.5132,126.52723,70.0,976.0,73.0
901.34454,136.06308,70.0,976.0,77.0
894.19586,145.57236,70.0,976.0,79.0
887.03546,155.09724,70.0,976.0,81.0
880.28094,164.08218,70.0,976.0,83.0
873.5417,173.04681,70.0,978.0,86.0
866.8026,182.01123,70.0,978.0,87.0
860.0637,190.97536,70.0,978.0,87.0
853.29877,199.97424,70.0,981.0,92.0
846.00757,209.6731,70.0,981.0,94.0
839.67194,218.10081,70.0,984.0,96.0
832.90594,227.10104,70.0,986.0,99.0
825.7126,236.66974,70.0,988.0,103.0
819.32886,245.16147,70.0,989.0,105.0
811.7494,255.24382,70.0,991.0,111.0
804.98627,264.24023,70.0,994.0,118.0
798.2215,273.23883,70.0,996.0,129.0
791.438,282.26233,70.0,997.0,147.0
784.69855,291.22723,70.0,999.0,176.0
777.54755,300.7396,70.0,999.0,201.0
770.4593,310.16846,70.0,1000.0,219.0
764.1303,318.58737,70.0,1000.0,231.0
756.604,328.59894,70.0,1000.0,243.0
749.553,337.9783,70.0,1002.0,251.0
743.20483,346.4227,70.0,1002.0,255.0
735.6944,356.41318,70.0,1002.0,259.0
728.9595,365.3721,70.0,1002.0,261.0
722.1682,374.40594,70.0,1002.0,263.0
715.0125,383.92456,70.0,1002.0,264.0
708.24713,392.924,70.0,1002.0,265.0
701.48254,401.92233,70.0,1002.0,265.0
694.29065,411.48907,70.0,1002.0,265.0
687.9661,419.902,70.0,1002.0,265.0
681.2293,428.8634,70.0,1002.0,265.0
674.48016,437.8412,70.0,1002.0,265.0
666.92737,447.888,70.0,1002.0,265.0
660.1719,456.8743,70.0,1002.0,265.0
653.4544,465.81,70.0,1002.0,265.0
646.6954,474.80093,70.0,1002.0,265.0
639.9123,483.82388,70.0,1002.0,265.0
632.93225,493.10886,70.0,1002.0,265.0
625.56824,502.90457,70.0,1002.0,265.0
618.19434,512.71344,70.0,1002.0,265.0
611.22064,521.9899,70.0,1002.0,265.0
604.2597,531.2495,70.0,1002.0,265.0
597.4774,540.27136,70.0,1002.0,265.0
590.6366,549.37115,70.0,1002.0,265.0
584.2938,557.8084,70.0,1002.0,265.0
577.13116,567.3363,70.0,1002.0,265.0
570.7896,575.772,70.0,1002.0,265.0
563.42126,585.5734,70.0,1002.0,265.0
556.6596,594.5679,70.0,1002.0,265.0
550.31476,603.0079,70.0,1002.0,265.0
543.1303,612.56476,70.0,1002.0,265.0
536.7861,621.00397,70.0,1002.0,265.0
530.0219,630.0017,70.0,1002.0,265.0
523.25793,638.99927,70.0,1002.0,265.0
516.2515,648.3193,70.0,1002.0,265.0
509.4999,657.30035,70.0,1002.0,265.0
509.4999,657.30035,70.0,1002.0,265.0
502.34955,666.8119,70.0,1002.0,265.0
496.04007,675.20483,70.0,1002.0,265.0
489.3101,684.15717,70.0,1002.0,265.0
482.58026,693.10925,70.0,1002.0,265.0
475.63123,702.35297,70.0,1002.0,265.0
469.2981,710.7774,70.0,1002.0,265.0
462.10336,720.34796,70.0,1002.0,265.0
455.34186,728.99426,70.0,1002.0,265.0
448.33093,729.32605,70.0,1002.0,265.0
441.56595,728.9989,70.0,1002.0,265.0
434.83575,728.95264,70.0,1002.0,269.0
427.21265,730.1404,70.0,1000.0,281.0
420.90338,728.3927,70.0,999.0,285.0
414.17294,728.95294,70.0,997.0,298.0
407.4244,728.977,70.0,997.0,307.0
400.69565,728.9507,70.0,995.0,316.0
393.9788,728.9349,70.0,995.0,325.0
386.43484,730.0351,70.0,995.0,334.0
379.28348,729.5129,70.0,995.0,344.0
372.97382,728.3932,70.0,994.0,356.0
366.26166,728.9286,70.0,994.0,368.0
359.4901,729.0076,70.0,991.0,378.0
352.5269,729.2626,70.0,989.0,386.0
346.18637,728.43427,70.0,989.0,392.0
339.02347,729.5282,70.0,988.0,396.0
332.1719,729.114,70.0,987.0,401.0
325.7878,728.49225,70.0,987.0,406.0
318.5155,729.6737,70.0,986.0,408.0
311.6109,729.1846,70.0,986.0,409.0
304.91666,728.9048,70.0,986.0,409.0
298.18228,728.9581,70.0,986.0,410.0
291.13867,729.3695,70.0,986.0,410.0
284.33875,729.04535,70.0,986.0,410.0
277.19748,729.49945,70.0,986.0,410.0
270.2324,729.2651,70.0,986.0,410.0
263.6854,728.7089,70.0,986.0,410.0
256.72693,729.2563,70.0,986.0,410.0
249.34155,729.8241,70.0,985.0,412.0
241.91214,729.8827,70.0,985.0,414.0
235.42726,728.6263,70.0,984.0,417.0
228.27834,729.50964,70.0,984.0,422.0
221.12675,729.5131,70.0,983.0,427.0
214.47266,728.8514,70.0,982.0,432.0
207.70973,728.99615,70.0,982.0,436.0
200.93507,729.0117,70.0,981.0,439.0
193.78249,729.51447,70.0,981.0,442.0
186.63397,729.50903,70.0,981.0,444.0
179.83942,729.0382,70.0,981.0,444.0
172.74251,729.4404,70.0,981.0,446.0
165.40092,729.76587,70.0,981.0,446.0
158.40152,729.3107,70.0,981.0,446.0
152.0875,728.399,70.0,981.0,446.0
144.87732,729.59106,70.0,981.0,446.0
137.93365,729.2366,70.0,981.0,446.0
131.19891,728.9587,70.0,981.0,446.0
123.975365,729.6089,70.0,981.0,446.0
117.04646,729.2169,70.0,981.0,446.0
110.08471,729.2606,70.0,981.0,446.0
102.879875,729.584,70.0,981.0,446.0
96.24466,728.8263,70.0,981.0,446.0
96.24466,720.0,70.0,981.0,446.0
89.15049,729.43677,70.0,981.0,446.0
82.00177,729.50934,70.0,981.0,446.0
75.15906,729.1023,70.0,981.0,446.0
73.22126,729.01715,70.0,981.0,446.0
73.26917,728.9534,70.0,981.0,446.0
73.27081,728.95123,70.0,981.0,446.0
73.2603,728.9653,70.0,981.0,446.0
73.087166,729.19556,70.0,981.0,446.0
73.21407,729.02673,70.0,981.0,446.0
73.665825,728.4258,70.0,981.0,446.0
73.23666,728.9967,70.0,981.0,446.0
72.59591,729.849,70.0,981.0,446.0
73.87504,732.1225,122.87474,981.0,446.0
86.145,746.89197,122.62899,981.0,446.0
90.86807,740.09546,90.08936,981.0,446.0
97.117226,736.791,104.66665,981.0,446.0
106.216415,738.53705,98.730255,981.0,446.0
117.17755,734.5272,100.9374,981.0,446.0
130.56602,733.7599,100.73553,981.0,446.0
141.1471,730.87463,100.53406,981.0,446.0
152.80667,731.98303,100.33299,981.0,446.0
164.6522,732.17413,100.132324,981.0,446.0
175.213,730.85376,99.93206,981.0,446.0
186.509,731.6094,99.73219,981.0,446.0
198.56111,732.3865,99.53273,981.0,446.0
209.5249,731.26794,99.333664,981.0,446.0
221.60976,732.4201,99.134995,981.0,446.0
232.71156,731.4098,98.93672,981.0,446.0
245.07599,732.70746,98.738846,981.0,446.0
257.32755,732.59143,98.54137,982.0,446.0
267.85022,730.81464,98.344284,983.0,446.0
278.84235,731.29706,98.1476,983.0,446.0
289.83356,731.29614,97.9513,983.0,446.0
301.59067,732.0833,97.7554,987.0,447.0
312.49966,731.2117,97.55989,989.0,449.0
324.0634,731.8845,97.36477,992.0,452.0
335.19366,731.4391,97.17004,994.0,453.0
346.36435,731.4806,96.97569,997.0,458.0
358.62286,732.59863,96.78174,1001.0,464.0
367.8575,729.49084,96.58817,1003.0,473.0
379.59818,732.0664,96.395,1005.0,483.0
390.91208,731.6278,96.20221,1008.0,496.0
401.24796,730.6226,96.0098,1009.0,507.0
412.99484,732.0728,95.81779,1011.0,517.0
424.33148,731.6512,95.62615,1012.0,526.0
435.09937,731.0666,95.4349,1013.0,534.0
446.08264,731.28796,95.244026,1017.0,547.0
457.77615,732.01794,95.053535,1019.0,553.0
469.41028,731.9569,94.86343,1020.0,559.0
479.38593,730.2524,94.6737,1022.0,566.0
489.96747,730.8751,94.48435,1024.0,572.0
500.57587,730.9027,94.29538,1025.0,576.0
511.83563,731.57214,94.10679,1028.0,582.0
522.915,731.3867,93.91857,1029.0,586.0
534.04803,731.4419,93.730736,1030.0,590.0
544.537,730.77997,93.543274,1031.0,595.0
555.7139,731.487,93.356186,1033.0,599.0
565.8981,730.4667,93.16947,1035.0,604.0
577.5567,731.98206,92.98313,1037.0,611.0
588.69336,731.4456,92.797165,1038.0,615.0
588.69336,720.0,92.61157,1039.0,623.0
599.13947,730.7359,92.426346,1042.0,630.0
609.3567,730.5007,92.24149,1043.0,636.0
619.70825,730.63873,92.05701,1045.0,640.0
630.7041,731.30096,91.872894,1046.0,645.0
640.81476,730.3912,91.68915,1047.0,647.0
651.8107,731.3011,91.50577,1048.0,651.0
662.5346,731.02136,91.322754,1049.0,654.0
672.90076,730.65375,91.14011,1051.0,658.0
682.483,729.848,90.957825,1053.0,662.0
693.67755,731.5051,90.77591,1053.0,666.0
703.5081,730.1033,90.59436,1056.0,671.0
714.59467,731.3941,90.41317,1058.0,678.0
724.7703,730.45795,90.232346,1061.0,683.0
735.4486,730.9745,90.05188,1063.0,688.0
745.8191,730.6582,89.87177,1064.0,691.0
756.1811,730.6495,89.69203,1065.0,694.0
766.5798,730.6872,89.51265,1066.0,698.0
776.7801,730.48334,89.333626,1067.0,701.0
787.2016,730.71063,89.15496,1067.0,703.0
798.43536,731.5454,88.976654,1069.0,705.0
807.85205,729.6779,88.7987,1069.0,707.0
818.27313,730.7102,88.6211,1069.0,707.0
828.1607,730.16187,88.44386,1070.0,712.0
838.027,730.14,88.266975,1070.0,713.0
848.4937,730.7571,88.09044,1071.0,717.0
858.9366,730.73254,87.91426,1072.0,720.0
868.7434,730.0789,87.738434,1073.0,723.0
878.5361,730.06433,87.56296,1075.0,726.0
889.526,731.2948,87.38783,1075.0,728.0
899.3001,730.0452,87.21306,1075.0,729.0
909.616,730.6021,87.038635,1075.0,730.0
919.327,729.9804,86.864555,1076.0,730.0
929.6772,730.6373,86.69083,1076.0,730.0
939.30035,729.89014,86.51745,1076.0,730.0
949.5487,730.53265,86.34441,1077.0,730.0
959.79364,730.5292,86.17172,1077.0,730.0
969.39355,729.8662,85.99938,1077.0,730.0
979.89075,730.78845,85.827385,1077.0,730.0
988.9165,729.2761,85.65573,1077.0,730.0
999.0903,730.456,85.48442,1077.0,730.0
1006.835,729.8412,174.77466,1077.0,730.0
977.43097,715.2062,174.42511,1077.0,730.0
948.9477,710.5625,174.07626,1077.0,730.0
921.2167,706.04144,173.7281,1077.0,730.0
892.2133,701.313,173.38065,1077.0,730.0
865.5143,696.9602,173.03389,1077.0,730.0
837.32666,692.36475,172.68782,1077.0,730.0
807.3245,687.47345,172.34244,1077.0,730.0
766.85394,680.8754,171.99776,1077.0,730.0
749.9998,678.1277,171.65376,1077.0,730.0
719.6059,673.1725,171.31046,1077.0,730.0
694.1532,669.0229,170.96783,1077.0,730.0
666.8217,664.56696,170.6259,1077.0,730.0
639.8618,660.17163,170.28465,1077.0,730.0
609.68744,655.25226,169.94408,1077.0,730.0
582.72205,650.856,169.60419,1077.0,730.0
555.8869,646.481,169.26498,1077.0,730.0
528.29755,641.9831,168.92645,1077.0,730.0
501.50195,637.61456,168.5886,1077.0,730.0
501.50195,637.61456,168.25142,1077.0,730.0
474.93433,633.2832,167.91492,1077.0,730.0
446.7621,628.69025,167.57909,1077.0,728.0
418.6399,624.1054,167.24393,1077.0,726.0
390.57462,619.52985,166.90944,1077.0,724.0
362.57602,614.96515,166.57562,1077.0,722.0
334.63013,610.40906,166.24248,1077.0,720.0
308.3789,606.1293,165.90999,1077.0,718.0
282.05936,601.8383,165.57817,1077.0,716.0
254.30154,597.3129,165.24701,1077.0,713.0
227.30823,592.9122,164.91652,1077.0,711.0
201.15262,588.64795,164.58669,1077.0,709.0
175.11203,584.4025,164.2575,1077.0,707.0
147.71602,579.9361,163.92899,1077.0,705.0
121.77786,575.70734,163.60114,1077.0,704.0
95.87592,571.4845,163.27393,1077.0,702.0
69.355255,567.16077,162.94737,1077.0,699.0
53.903755,561.9169,135.77863,1077.0,693.0
85.613014,543.6863,135.50706,1074.0,685.0
92.0396,522.8133,135.23605,1070.0,673.0
98.41556,502.1047,134.96558,1067.0,661.0
105.20403,480.0563,134.69565,1066.0,650.0
111.17434,460.66525,134.42625,1063.0,643.0
117.94321,438.68054,134.1574,1063.0,641.0
124.283,418.08942,133.88908,1063.0,637.0
130.6161,397.52002,133.6213,1063.0,636.0
136.91885,377.04922,133.35406,1063.0,635.0
143.22646,356.56265,133.08736,1063.0,633.0
149.52238,336.114,132.82118,1063.0,630.0
155.80553,315.7069,132.55554,1063.0,624.0
162.41327,294.24554,132.29044,1063.0,619.0
168.66808,273.93048,132.02585,1064.0,612.0
175.40384,252.0533,131.7618,1066.0,606.0
181.61829,231.86928,131.49828,1068.0,596.0
187.84093,211.65865,131.23528,1071.0,582.0
193.97714,191.72874,130.97281,1072.0,565.0
200.91428,169.19753,130.71086,1072.0,545.0
206.7063,150.3855,130.44943,1072.0,520.0
213.22816,129.20303,130.18854,1072.0,494.0
219.37256,109.246574,129.92816,1072.0,471.0
225.84053,88.23915,129.6683,1072.0,453.0
232.64702,66.13224,129.40897,1072.0,437.0
238.0025,62.605835,129.15015,1072.0,428.0
244.11275,60.154457,128.89185,1071.0,417.0
250.21259,60.188236,128.63406,1070.0,407.0
257.00885,57.926315,128.3768,1069.0,397.0
262.69113,61.54439,128.12004,1069.0,390.0
268.75134,60.316906,127.8638,1067.0,383.0
275.21255,59.01449,127.60807,1067.0,379.0
281.2478,60.398003,127.35285,1067.0,374.0
287.38715,60.05989,127.098145,1066.0,368.0
293.79214,59.19712,126.84395,1065.0,363.0
299.77408,60.571144,126.59026,1064.0,354.0
305.56488,61.19194,126.33708,1062.0,347.0
311.72977,59.976963,126.084404,1060.0,342.0
317.64816,60.7775,125.83224,1059.0,338.0
323.584,60.720818,125.580574,1057.0,333.0
329.85455,59.633823,125.329414,1056.0,330.0
335.7624,60.81187,125.07876,1055.0,327.0
342.30115,58.762703,124.8286,1054.0,325.0
348.0322,61.386036,124.57894,1053.0,323.0
348.0322,80.0,124.32978,1052.0,322.0
354.07785,60.364254,124.08112,1051.0,320.0
359.5579,62.201313,123.83296,1049.0,317.0
365.40393,61.012577,123.5853,1047.0,313.0
371.9206,58.834385,123.33813,1047.0,308.0
377.72784,61.138546,123.09145,1044.0,302.0
383.88452,60.003616,122.84527,1041.0,292.0
389.66815,61.21521,122.59958,1039.0,286.0
395.0944,62.375984,122.35438,1036.0,277.0
401.20032,60.168495,122.10967,1034.0,268.0
406.59045,62.493324,121.865456,1032.0,259.0
413.0452,59.03552,121.62173,1029.0,254.0
419.1289,60.24063,121.37849,1029.0,248.0
424.84335,61.439964,121.13573,1027.0,246.0
431.2603,59.158276,120.893456,1025.0,243.0
436.95175,61.51471,120.65167,1024.0,241.0
442.63232,61.54995,120.41037,1023.0,239.0
448.30084,61.58915,120.16955,1022.0,236.0
453.95868,61.62379,119.92921,1021.0,233.0
459.60608,61.657677,119.68935,1021.0,231.0
465.24994,61.669197,119.44997,1020.0,228.0
470.8992,61.65163,119.21107,1020.0,225.0
476.18402,62.835293,118.97265,1018.0,221.0
481.81323,61.716763,118.7347,1018.0,219.0
487.43414,61.743797,118.49723,1016.0,214.0
493.0228,61.848488,118.26024,1014.0,210.0
498.62088,61.81788,118.02372,1014.0,205.0
504.20523,61.86248,117.787674,1012.0,200.0
509.77924,61.89605,117.5521,1011.0,196.0
515.3406,61.937202,117.31699,1011.0,191.0
520.87646,62.019974,117.08236,1010.0,187.0
526.41626,62.007145,116.8482,1007.0,181.0
531.60156,63.15865,116.6145,1007.0,176.0
537.1184,62.08172,116.38127,1007.0,174.0
542.9473,61.068226,116.148506,1004.0,169.0
548.7721,61.08156,115.91621,1004.0,166.0
554.22986,62.273655,115.68437,1003.0,163.0
559.6762,62.310654,115.453,1002.0,161.0
565.43854,61.28444,115.2221,1001.0,159.0
570.5378,63.438168,114.99165,1000.0,158.0
575.9512,62.41768,114.76167,1000.0,155.0
581.3546,62.4501,114.53215,999.0,154.0
586.74677,62.48684,114.303085,998.0,152.0
592.45154,61.471394,114.07448,997.0,150.0
597.8224,62.555843,113.84633,995.0,148.0
603.1822,62.59171,113.61864,993.0,146.0
608.5315,62.625984,113.3914,993.0,145.0
613.86993,62.66127,113.16462,991.0,142.0
619.202,62.68178,112.93829,990.0,141.0
624.60944,62.437183,112.71242,988.0,138.0
629.9219,62.745598,112.48699,987.0,137.0
635.55817,61.693752,112.26202,985.0,135.0
641.12604,61.91598,112.03749,984.0,134.0
646.684,61.94808,111.813416,982.0,133.0
652.02905,62.63979,111.58979,980.0,131.0
657.36035,62.684425,111.36661,978.0,129.0
662.644,62.839226,111.143875,977.0,128.0
667.9774,62.677353,110.921585,973.0,125.0
673.3791,62.455875,110.699745,971.0,123.0
678.96564,61.855324,110.47835,969.0,121.0
684.138,63.20068,110.25739,965.0,119.0
689.485,62.633533,110.03688,963.0,118.0
689.485,80.0,109.8168,961.0,117.0
694.9791,62.155483,109.59717,960.0,115.0
700.4667,62.176823,109.377975,958.0,115.0
705.93256,62.24728,109.15922,956.0,113.0
711.3929,62.26536,108.9409,955.0,112.0
716.52203,63.340862,108.72302,952.0,110.0
721.80804,62.831566,108.50558,948.0,108.0
726.9803,63.200962,108.28857,947.0,106.0
732.3439,62.579445,108.07199,942.0,103.0
737.7448,62.458218,107.85585,938.0,99.0
742.86066,63.384224,107.64014,934.0,97.0
748.04694,63.155437,107.42486,930.0,94.0
753.2369,63.14354,107.21001,928.0,92.0
758.59863,62.58553,106.99559,924.0,90.0
763.67566,63.51031,106.7816,922.0,89.0
768.9741,62.79095,106.56804,919.0,87.0
774.15424,63.175323,106.354904,917.0,86.0
779.18567,63.65825,106.1422,915.0,84.0
784.19086,63.743477,105.92991,912.0,82.0
789.18805,63.76961,105.71805,911.0,80.0
794.48395,62.79928,105.506615,909.0,80.0
799.13165,64.90464,105.2956,907.0,79.0
803.7973,64.84627,105.08501,907.0,79.0
808.7702,63.84845,104.87484,907.0,79.0
813.4237,64.88577,104.66509,906.0,78.0
818.3769,63.91249,104.455765,906.0,78.0
823.317,63.95495,104.24686,906.0,78.0
828.46576,63.277363,104.03836,906.0,78.0
833.6753,63.079826,103.830284,906.0,78.0
837.11255,63.447357,156.88763,906.0,78.0
810.50793,82.54707,156.57385,906.0,78.0
784.2536,85.06061,156.26071,906.0,78.0
760.0837,87.37459,155.9482,906.0,78.0
734.07166,89.86493,155.6363,906.0,78.0
709.2668,92.2397,155.32503,906.0,78.0
684.3989,94.6205,155.01437,906.0,78.0
656.89276,97.25388,154.70435,906.0,78.0
632.5661,99.58286,154.39494,906.0,78.0
607.9575,101.938835,154.08615,906.0,79.0
580.44214,104.573105,153.77798,906.0,81.0
557.3927,106.77981,153.47043,907.0,83.0
531.6931,109.240234,153.16348,907.0,85.0
504.8479,111.81034,152.85716,907.0,87.0
481.05502,114.08822,152.55145,907.0,88.0
456.73056,116.41699,152.24635,907.0,89.0
430.8366,118.89603,151.94186,907.0,90.0
408.0468,121.07787,151.63799,907.0,91.0
381.45947,123.62329,151.33472,907.0,92.0
358.7755,125.795006,151.03204,907.0,94.0
333.97452,128.1694,150.72998,907.0,94.0
308.35977,130.6217,150.42853,908.0,94.0
285.80655,132.7809,150.12767,908.0,94.0
261.76993,135.08212,149.82741,908.0,94.0
237.78584,137.37831,149.52776,908.0,94.0
213.84898,139.66998,149.2287,908.0,94.0
188.35062,142.11115,148.93024,908.0,94.0
166.0118,144.24982,148.63237,908.0,94.0
142.21547,146.52803,148.3351,908.0,94.0
122.06816,151.7614,198.92375,908.0,94.0
151.05048,165.61972,198.52591,908.0,94.0
179.7506,179.34311,198.12886,908.0,94.0
179.7506,179.34311,197.7326,908.0,94.0
206.61351,192.188,197.33714,908.0,94.0
237.1368,206.78316,196.94247,908.0,94.0
266.51486,220.8307,196.54858,908.0,94.0
293.17545,233.57884,196.15549,908.0,94.0
325.02298,248.8072,195.76318,908.0,94.0
353.26755,262.31274,195.37166,908.0,94.0
382.0718,276.08594,194.98091,908.0,94.0
410.25082,289.56015,194.59094,908.0,94.0
439.96576,303.76877,194.20177,908.0,94.0
468.53412,317.42914,193.81337,908.0,95.0
496.53845,330.81982,193.42574,908.0,98.0
524.59076,344.23346,193.03888,908.0,102.0
553.9247,358.2599,192.6528,908.0,108.0
582.62634,371.984,192.2675,908.0,117.0
612.9691,386.49283,191.88297,908.0,128.0
641.6501,400.20706,191.4992,908.0,145.0
671.0372,414.2589,191.11621,912.0,173.0
702.45087,429.27982,190.73398,915.0,196.0
730.7187,442.79648,190.35251,918.0,221.0
757.4287,455.56827,189.9718,925.0,248.0
786.70544,469.56738,189.59186,931.0,272.0
814.10474,482.66876,189.21268,940.0,300.0
841.5628,495.79822,188.83426,943.0,327.0
869.3992,509.10858,188.45659,948.0,351.0
896.10736,521.8795,188.07968,955.0,373.0
923.34973,534.9059,187.70352,965.0,397.0
951.9913,548.60126,187.32811,975.0,420.0
981.105,562.5224,186.95346,988.0,450.0
1008.0176,575.39105,186.57956,1010.0,489.0
1035.7643,588.65857,186.2064,1048.0,533.0
1064.7544,602.74976,113.16822,1092.0,573.0
1053.7234,625.6911,96.47262,1125.0,607.0
1042.4318,637.61664,96.27967,1151.0,643.0
1031.822,648.8221,96.08711,1176.0,677.0
1020.8459,660.4144,95.894936,1180.0,690.0
1009.9678,671.90326,95.70315,1180.0,695.0
999.0393,683.44525,95.51174,1180.0,698.0
988.1687,694.92615,95.32072,1180.0,699.0
977.6521,706.0332,95.13007,1180.0,699.0
967.7961,716.44257,94.93981,1180.0,699.0
956.14905,728.7435,94.74993,1180.0,699.0
945.9741,730.7462,94.56043,1180.0,699.0
934.90027,731.69556,94.371315,1180.0,699.0
924.07666,731.4313,94.18257,1180.0,699.0
913.0949,731.59827,93.99421,1180.0,699.0
903.28033,730.36554,93.80622,1180.0,699.0
892.63983,731.2379,93.61861,1180.0,699.0
881.1426,732.14276,93.431366,1180.0,699.0
870.67773,731.05237,93.24451,1178.0,695.0
860.0975,731.17426,93.05802,1168.0,686.0
849.4739,731.22003,92.8719,1160.0,682.0
838.8984,731.1692,92.68616,1154.0,679.0
828.0216,731.4874,92.500786,1149.0,679.0
817.70667,730.89404,92.31578,1143.0,677.0
807.5495,730.7274,92.13115,1137.0,675.0
796.78125,731.3728,91.946884,1130.0,673.0
786.3674,730.99854,91.76299,1118.0,670.0
775.9262,731.02734,91.57947,1105.0,664.0
765.4958,731.01605,91.39631,1091.0,658.0
755.13715,730.9402,91.21352,1071.0,649.0
755.13715,720.0,91.03109,1051.0,641.0
744.49713,731.23737,90.84903,1041.0,635.0
733.99536,731.0914,90.66733,1032.0,627.0
724.26794,730.27356,90.48599,1028.0,624.0
713.84436,731.0088,90.30502,1027.0,623.0
703.0998,731.3478,90.12441,1026.0,622.0
693.44244,730.1995,89.94416,1025.0,621.0
682.9304,731.1022,89.764275,1025.0,620.0
673.04553,730.4398,89.58475,1024.0,619.0
662.84467,730.77356,89.40558,1024.0,618.0
652.1596,731.2849,89.22677,1022.0,616.0
642.4542,730.25024,89.04832,1022.0,615.0
631.99866,731.04254,88.870224,1022.0,615.0
621.6208,730.9605,88.69248,1021.0,614.0
611.8003,730.3718,88.5151,1021.0,614.0
602.0599,730.2873,88.338066,1020.0,613.0
591.39996,731.25836,88.16139,1020.0,613.0
581.9651,729.96454,87.98507,1020.0,611.0
570.68536,731.913,87.8091,1020.0,611.0
561.3641,729.8446,87.63348,1020.0,611.0
552.2467,729.6292,87.458206,1019.0,610.0
541.97546,730.84784,87.28329,1019.0,610.0
532.72614,729.7686,87.10872,1019.0,610.0
522.7539,730.53204,86.9345,1019.0,610.0
512.2801,731.0618,86.760635,1019.0,609.0
502.42938,730.40375,86.58711,1019.0,609.0
492.58325,730.3989,86.41394,1019.0,609.0
483.3438,729.7581,86.24111,1018.0,607.0
472.9123,731.01715,86.06863,1018.0,607.0
463.70807,729.72095,85.89649,1018.0,606.0
453.65063,730.6221,85.7247,1018.0,606.0
444.20224,729.9789,85.55325,1017.0,604.0
434.7716,729.9601,85.38215,1017.0,604.0
425.32907,729.97266,85.21139,1017.0,604.0
415.90866,729.9493,85.04096,1017.0,604.0
406.50107,729.9357,84.87088,1017.0,604.0
396.82413,730.2202,84.70114,1017.0,604.0
387.45978,729.8901,84.53174,1016.0,602.0
377.39444,730.63043,84.36268,1016.0,602.0
368.6579,729.227,84.193954,1016.0,601.0
358.34103,730.89606,84.025566,1016.0,600.0
349.6092,729.22205,83.85751,1016.0,600.0
340.37616,729.7514,83.6898,1016.0,599.0
330.60184,730.32306,83.522415,1015.0,597.0
321.42676,729.6902,83.35537,1015.0,597.0
312.2087,729.73553,83.18866,1015.0,596.0
302.53763,730.214,83.022285,1015.0,595.0
293.39346,729.65753,82.85624,1015.0,595.0
284.23175,729.6761,82.69053,1015.0,595.0
274.48874,730.29,82.52515,1014.0,595.0
265.94308,729.02545,82.3601,1014.0,593.0
256.8307,729.62396,82.19538,1014.0,593.0
247.7776,729.56134,82.03099,1013.0,591.0
238.70766,729.57916,81.86693,1013.0,590.0
229.17758,730.0651,81.70319,1013.0,590.0
220.15489,729.52924,81.53979,1013.0,590.0
211.13701,729.5242,81.37671,1013.0,590.0
201.05733,730.64557,81.21396,1013.0,589.0
192.08972,729.47107,81.05153,1013.0,589.0
183.68082,728.881,80.88943,1013.0,588.0
174.0617,730.1591,80.727646,1013.0,587.0
174.0617,720.0,80.56619,1013.0,587.0
165.03645,729.5319,80.40506,1013.0,586.0
156.55305,728.95966,80.24425,1013.0,586.0
147.13066,729.95135,80.083755,1013.0,584.0
138.2394,729.39044,79.92359,1013.0,584.0
130.65193,730.0581,157.45332,1013.0,583.0
154.75806,727.7156,157.13841,1013.0,581.0
178.89215,727.72455,156.82414,1013.0,580.0
202.80278,727.653,156.5105,1013.0,578.0
226.8382,727.69293,156.19748,1013.0,575.0
251.92163,728.0284,155.88509,1013.0,572.0
275.6934,727.6086,155.57332,1013.0,568.0
300.8692,728.058,155.26218,1014.0,566.0
324.7679,727.6492,154.95164,1016.0,561.0
348.40176,727.5644,154.64174,1018.0,558.0
373.43906,728.0136,154.33246,1018.0,556.0
396.30936,727.32,154.02379,1019.0,554.0
422.71045,728.45013,153.71574,1020.0,552.0
447.59634,727.96515,153.40831,1021.0,550.0
472.43613,727.9504,153.10149,1023.0,549.0
497.22345,727.9336,152.79529,1023.0,546.0
520.507,727.45233,152.4897,1023.0,546.0
545.1966,727.90234,152.18472,1023.0,546.0
569.83826,727.88696,151.88036,1023.0,546.0
592.9782,727.4063,151.5766,1024.0,546.0
618.9682,728.31854,151.27345,1033.0,551.0
643.46014,727.83905,150.9709,1043.0,562.0
666.4671,727.3638,150.66896,1057.0,581.0
690.85986,727.8073,150.36763,1066.0,602.0
713.7656,727.33136,150.0669,1079.0,638.0
740.93274,728.6953,149.76675,1085.0,651.0
762.3866,726.8667,149.46722,1089.0,661.0
786.5807,727.7437,149.16829,1095.0,675.0
810.7388,727.73224,148.86995,1101.0,691.0
836.1953,728.1478,148.5722,1110.0,705.0
858.8935,727.26495,148.27505,1113.0,715.0
882.9014,727.68414,147.9785,1116.0,720.0
908.21387,728.1017,147.68254,1117.0,723.0
932.12244,727.65234,147.38718,1117.0,723.0
954.6703,727.21686,147.0924,1117.0,723.0
980.1682,728.1611,146.79822,1117.0,723.0
1001.0552,726.68524,146.50462,1117.0,723.0
1023.40326,727.1529,146.21161,1117.0,723.0
1046.0299,727.5807,208.60498,1117.0,723.0
1012.6681,718.26245,208.18777,1117.0,723.0
979.252,716.52203,207.7714,1117.0,723.0
941.843,714.57367,207.35585,1117.0,723.0
908.6141,712.843,206.94113,1117.0,723.0
875.5041,711.1186,206.52725,1117.0,723.0
840.28253,709.2842,206.1142,1117.0,723.0
808.8122,707.64514,205.70197,1117.0,721.0
772.3123,705.74414,205.29056,1117.0,719.0
739.3491,704.02734,204.87997,1116.0,717.0
706.46295,702.3146,204.47021,1114.0,714.0
672.2679,700.5336,204.06128,1114.0,712.0
639.6066,698.8325,203.65315,1111.0,707.0
607.0229,697.1355,203.24585,1109.0,698.0
572.719,695.3489,202.83936,1105.0,691.0
540.2979,693.6603,202.43367,1104.0,686.0
504.83243,691.8132,202.02881,1102.0,682.0
504.83243,691.8132,201.62476,1102.0,681.0
472.61453,690.1352,201.22151,1100.0,678.0
442.3914,688.5611,200.81906,1100.0,676.0
406.2999,686.68134,200.41742,1098.0,674.0
376.25235,685.1164,200.01659,1098.0,673.0
341.1576,683.2886,199.61655,1096.0,671.0
311.13364,681.72485,199.21732,1096.0,669.0
277.12076,679.95337,198.81888,1095.0,668.0
245.08217,678.2847,198.42123,1095.0,666.0
212.85481,676.60626,198.0244,1094.0,664.0
181.18314,674.9567,197.62836,1093.0,663.0
146.51236,673.151,197.2331,1092.0,659.0
125.79969,675.4363,233.18842,1090.0,656.0
162.48615,683.1563,232.72205,1089.0,651.0
201.07437,691.27655,232.2566,1085.0,642.0
237.50537,698.9428,231.7921,1083.0,639.0
273.85693,706.59235,231.32852,1079.0,629.0
309.98956,714.19586,230.86586,1077.0,623.0
346.9701,721.9778,230.40413,1074.0,618.0
383.4246,727.6712,229.94331,1074.0,614.0
420.8426,727.87396,229.48343,1072.0,610.0
456.77167,727.56067,229.02446,1072.0,608.0
494.69412,727.98016,228.5664,1070.0,604.0
528.43036,727.09924,228.10927,1070.0,602.0
564.18134,727.5232,227.65305,1068.0,598.0
604.1519,728.41113,227.19774,1068.0,596.0
639.6069,727.4609,226.74335,1067.0,594.0
677.35443,727.9433,226.28986,1067.0,593.0
712.4987,727.3955,225.83728,1067.0,592.0
750.08594,727.9096,225.3856,1066.0,590.0
785.562,727.46533,224.93483,1066.0,590.0
820.95105,727.447,224.48495,1066.0,590.0
856.2845,727.4353,224.03598,1066.0,590.0
893.57935,727.8481,223.5879,1067.0,593.0
928.77466,727.40625,223.14073,1075.0,607.0
963.88257,727.3879,222.69444,1084.0,624.0
1000.6248,727.73175,222.24905,1093.0,645.0
1035.4797,727.33466,221.80455,1108.0,688.0
1066.2421,734.73584,214.17499,1118.0,713.0
1034.9814,734.0397,213.74664,1128.0,730.0
1005.7201,733.1417,213.31915,1132.0,730.0
966.808,737.4761,212.89252,1140.0,730.0
941.47095,731.3793,212.46674,1142.0,730.0
908.6128,734.75714,212.04181,1143.0,730.0
877.6653,733.89905,211.61772,1145.0,730.0
846.69666,733.9085,211.19449,1145.0,730.0
815.6703,733.93445,210.7721,1145.0,730.0
781.199,735.4816,210.35056,1145.0,730.0
751.4468,733.3622,209.92986,1145.0,730.0
718.8086,734.6584,209.51,1145.0,730.0
688.1923,733.75024,209.09097,1145.0,730.0
656.6125,734.18304,208.67279,1145.0,730.0
625.02405,734.1869,208.25545,1145.0,730.0
594.2028,733.84235,207.83894,1145.0,730.0
564.1654,733.4903,207.42326,1145.0,730.0
530.2111,735.24945,207.00842,1145.0,730.0
499.68814,733.7084,206.5944,1145.0,730.0
468.49722,734.00836,206.18121,1144.0,730.0
437.4157,733.9592,205.76884,1142.0,730.0
406.28357,733.982,205.3573,1140.0,730.0
375.97632,733.6115,204.94658,1138.0,730.0
375.97632,720.0,204.53668,1136.0,730.0
345.9928,733.4661,204.12761,1135.0,730.0
316.13757,733.40845,203.71936,1133.0,730.0
285.01743,733.97656,203.31192,1131.0,730.0
254.89705,733.5276,202.9053,1129.0,727.0
223.42519,734.1345,202.4995,1126.0,724.0
193.87589,733.27106,202.0945,1124.0,722.0
162.52979,734.07806,201.6903,1123.0,720.0
133.09305,733.2205,201.28693,1122.0,719.0
101.87496,734.02057,200.88435,1121.0,719.0
70.72206,733.9913,200.48259,1119.0,716.0
52.911034,734.7809,200.08162,1119.0,716.0
107.38972,732.3012,199.68146,1119.0,714.0
138.46828,733.9579,199.28209,1119.0,714.0
165.76,732.25714,198.88353,1117.0,713.0
194.92006,733.09625,198.48576,1117.0,713.0
223.98741,733.0546,198.08879,1117.0,713.0
253.38785,733.2042,197.69261,1117.0,713.0
283.92422,733.7144,197.29723,1116.0,712.0
312.94583,733.0341,196.90263,1116.0,712.0
339.9898,732.14594,196.50883,1116.0,711.0
368.8105,732.94385,196.11581,1115.0,710.0
399.78278,733.91016,195.72359,1115.0,710.0
426.66928,732.0752,195.33214,1114.0,708.0
455.44104,732.9219,194.94147,1114.0,708.0
483.91626,732.7887,194.55159,1114.0,707.0
512.46124,732.82,194.16249,1114.0,707.0
542.5363,733.5072,193.77417,1114.0,707.0
570.93774,732.75555,193.38663,1114.0,707.0
599.30316,732.7394,192.99985,1114.0,707.0
629.39,733.5125,192.61385,1114.0,707.0
655.8458,731.8818,192.22862,1114.0,706.0
684.04474,732.6646,191.84416,1114.0,705.0
712.18304,732.6374,191.46048,1114.0,704.0
740.27185,732.6152,191.07756,1114.0,704.0
770.29596,733.4843,190.6954,1114.0,704.0
796.6048,731.81573,190.31401,1113.0,704.0
824.4091,732.48737,189.93338,1113.0,704.0
854.0382,733.30695,189.55351,1113.0,704.0
880.07886,731.6953,189.17441,1113.0,704.0
907.90063,732.49524,188.79607,1112.0,705.0
935.5252,732.4067,188.41847,1112.0,709.0
963.1677,732.41473,188.04164,1111.0,711.0
990.755,732.3899,187.66556,1111.0,712.0
1018.2318,732.3403,187.29022,1111.0,712.0
1044.0905,732.98035,216.47072,1111.0,712.0
1009.3216,721.4003,216.03778,1111.0,712.0
974.7566,721.39215,215.6057,1111.0,712.0
936.83856,721.52716,215.17448,1111.0,712.0
904.47375,721.3035,214.74414,1111.0,712.0
869.96875,721.3897,214.31465,1111.0,712.0
829.5233,721.62897,213.88602,1111.0,712.0
796.2835,721.33875,213.45825,1111.0,712.0
762.88385,721.3452,213.03134,1111.0,712.0
726.96606,721.4466,212.60529,1111.0,712.0
693.0539,721.36584,212.18007,1111.0,712.0
658.938,721.374,211.7557,1111.0,712.0
624.59875,721.38306,211.3322,1111.0,712.0
588.29956,721.462,210.90953,1111.0,712.0
554.55273,721.3592,210.48772,1111.0,712.0
519.8657,721.39703,210.06674,1111.0,712.0
486.22412,721.3549,209.6466,1111.0,712.0
486.22412,720.0,209.22731,1110.0,711.0
452.60764,721.35394,208.80885,1110.0,711.0
417.3108,721.42163,208.39124,1108.0,710.0
383.83072,721.34845,207.97446,1108.0,710.0
350.42444,721.34546,207.5585,1108.0,710.0
316.9786,721.34705,207.14339,1108.0,710.0
284.33545,721.31476,206.7291,1108.0,710.0
251.25563,721.33234,206.31564,1108.0,709.0
218.11087,721.33496,205.90302,1108.0,707.0
185.03137,721.3323,205.49121,1108.0,706.0
151.23,721.3614,205.08023,1108.0,706.0
129.63394,719.30774,237.95291,1108.0,705.0
176.88951,713.42114,237.477,1108.0,705.0
215.54576,708.6058,237.00204,1106.0,702.0
254.84554,703.7102,236.52805,1106.0,702.0
290.1951,699.30676,236.055,1106.0,699.0
332.3624,694.054,235.58289,1105.0,697.0
367.57538,689.66754,235.11172,1104.0,695.0
405.08813,684.9946,234.6415,1103.0,695.0
443.95667,680.15283,234.17221,1103.0,693.0
483.49384,675.2277,233.70387,1101.0,691.0
520.77966,670.58307,233.23647,1101.0,688.0
560.1656,665.6768,232.76999,1099.0,683.0
615.6056,658.7707,232.30444,1097.0,681.0
654.79126,653.88934,231.83983,1097.0,680.0
693.9022,649.01733,231.37614,1097.0,679.0
732.93585,644.15497,230.91339,1097.0,678.0
769.60046,639.5877,230.45157,1095.0,675.0
806.18304,635.03064,229.99066,1095.0,674.0
842.7,630.48175,229.53069,1095.0,673.0
879.143,625.9421,229.07162,1095.0,673.0
913.37274,621.6781,228.61348,1095.0,672.0
952.4394,616.8116,228.15625,1095.0,669.0
988.72485,612.2915,227.69994,1095.0,664.0
1025.4937,607.71124,227.24454,1094.0,658.0
1060.7601,599.1816,207.84065,1092.0,645.0
1033.8584,581.55914,207.42497,1090.0,636.0
1004.1347,562.08813,207.01012,1089.0,627.0
976.3254,543.87115,206.5961,1087.0,617.0
950.16437,526.73395,206.1829,1087.0,606.0
919.47864,506.63272,205.77054,1084.0,593.0
891.4059,488.24316,205.359,1082.0,581.0
864.26843,470.4663,204.94827,1082.0,572.0
833.8688,450.5525,204.53838,1082.0,567.0
805.6914,432.0944,204.1293,1082.0,565.0
776.60956,413.0438,203.72104,1082.0,563.0
750.2668,395.7875,203.3136,1082.0,562.0
722.0668,377.3146,202.90697,1082.0,561.0
694.8569,359.4903,202.50116,1081.0,559.0
667.58704,341.6267,202.09616,1081.0,558.0
640.3692,323.7972,201.69197,1081.0,556.0
609.984,303.89288,201.28859,1080.0,554.0
581.37585,285.15262,200.88602,1080.0,552.0
552.8078,266.43863,200.48424,1080.0,550.0
524.2977,247.7626,200.08327,1079.0,546.0
497.51788,230.21999,199.6831,1079.0,540.0
469.1224,211.61903,199.28374,1074.0,531.0
444.1164,195.23842,198.88516,1072.0,520.0
415.81326,176.69795,198.4874,1068.0,508.0
389.2641,159.30646,198.09042,1065.0,496.0
389.2641,159.30646,197.69424,1060.0,482.0
362.80316,141.97276,197.29886,1057.0,471.0
336.3897,124.670166,196.90427,1056.0,461.0
308.3958,106.332275,196.51045,1054.0,455.0
282.0871,89.09828,196.11743,1052.0,448.0
255.84608,71.908646,195.72519,1050.0,442.0
226.37259,60.692867,195.33374,1049.0,438.0
198.5933,61.8027,194.94307,1047.0,435.0
172.4362,62.865334,194.55318,1047.0,431.0
146.46014,62.983932,194.16408,1045.0,429.0
117.23212,60.853672,193.77576,1045.0,425.0
92.91401,64.07,193.3882,1043.0,422.0
65.34654,61.941452,193.00142,1041.0,420.0
51.783607,61.51636,192.61542,1039.0,417.0
52.611176,62.05847,192.2302,1038.0,415.0
54.14242,63.061543,191.84573,1038.0,415.0
54.326694,63.182255,191.46204,1038.0,413.0
54.380283,63.217358,191.07912,1037.0,413.0
53.56504,62.68332,190.69696,1036.0,410.0
54.4297,63.24973,190.31557,1035.0,409.0
54.47543,63.279686,189.93494,1034.0,408.0
52.847107,62.213024,189.55507,1033.0,407.0
54.58202,63.34951,189.17596,1032.0,405.0
51.511295,61.33798,188.7976,1031.0,404.0
54.70065,63.42722,188.42001,1030.0,403.0
54.776623,63.476986,188.04317,1029.0,402.0
54.708622,63.43244,187.66708,1028.0,400.0
54.419964,63.24335,187.29175,1026.0,397.0
54.83726,63.51671,186.91716,1025.0,396.0
54.292183,63.159645,186.54332,1024.0,394.0
56.503242,64.60804,186.17023,1024.0,394.0
51.934975,61.615517,185.79788,1024.0,392.0
54.45529,63.266495,185.42628,1023.0,390.0
56.63867,64.696754,185.05544,1023.0,390.0
55.112015,63.696693,184.68532,1022.0,387.0
55.15036,63.72181,184.31595,1022.0,387.0
55.21825,63.766285,183.94731,1022.0,387.0
54.370434,63.210907,183.57942,1022.0,385.0
55.41034,63.892117,183.21227,1022.0,385.0
55.353924,63.85516,182.84584,1022.0,385.0
53.10085,62.379242,182.48015,1022.0,385.0
57.007557,64.9384,182.11519,1021.0,384.0
55.49846,63.94984,181.75096,1021.0,384.0
55.54898,63.982937,181.38747,1021.0,383.0
55.59864,64.015465,181.02469,1021.0,383.0
53.225212,62.46071,180.66264,1021.0,383.0
57.216614,65.07535,180.30132,1021.0,382.0
52.822727,62.197052,179.94072,1020.0,382.0
54.353085,63.199543,179.58084,1020.0,382.0
54.46612,63.273586,179.22168,1020.0,381.0
54.511337,63.303207,178.86324,1020.0,381.0
54.538975,63.321312,178.50551,1020.0,381.0
56.013367,64.28714,178.1485,1020.0,381.0
56.033623,64.30041,177.7922,1020.0,381.0
54.76699,63.470676,177.43661,1020.0,381.0
56.228096,64.4278,177.08174,1020.0,381.0
56.1915,64.40383,176.72758,1020.0,381.0
54.910988,63.565006,176.37413,1020.0,381.0
56.368965,64.52008,176.02138,1020.0,381.0
56.365135,64.51757,175.66934,1020.0,381.0
53.622013,62.720642,175.31801,1020.0,381.0
80.0,80.0,174.96738,1020.0,380.0
53.628773,62.725067,174.61745,1020.0,380.0
56.66363,64.713104,174.26822,1020.0,380.0
56.593395,64.66709,173.91968,1020.0,379.0
56.524258,64.6218,173.57184,1020.0,379.0
57.035538,64.956726,173.2247,1020.0,379.0
56.647045,64.70224,172.87825,1020.0,379.0
56.17358,64.39209,172.5325,1020.0,379.0
55.977036,64.263336,172.18744,1020.0,379.0
56.934086,64.890274,171.84306,1020.0,378.0
55.07025,63.669334,171.49937,1020.0,378.0
58.39472,65.847084,171.15637,1020.0,378.0
55.81658,64.15823,170.81406,1020.0,378.0
56.69683,64.734856,170.47243,1019.0,377.0
57.17295,65.046745,170.13148,1019.0,377.0
57.137913,65.023796,169.79123,1018.0,376.0
57.25934,65.10333,169.45164,1018.0,376.0
57.199505,65.06414,169.11275,1018.0,376.0
55.786476,64.13851,168.77452,1018.0,376.0
58.735874,66.070564,168.43697,1018.0,376.0
57.25882,65.103,168.1001,1018.0,376.0
57.47276,65.24314,167.7639,1018.0,376.0
57.443718,65.22411,167.42838,1018.0,376.0
55.99557,64.27548,167.09352,1018.0,376.0
58.93942,66.2039,166.75934,1018.0,376.0
57.566505,65.30455,166.42583,1018.0,376.0
57.968044,65.56758,166.09297,1018.0,376.0
57.736874,65.41615,165.76079,1018.0,374.0
56.36957,64.52048,165.42926,1018.0,374.0
58.475403,65.89994,165.0984,1018.0,374.0
55.86435,64.18952,164.7682,1018.0,374.0
57.320816,65.14361,164.43867,1018.0,374.0
57.128895,65.01788,164.1098,1018.0,374.0
57.924313,65.53894,163.78159,1018.0,374.0
56.705837,64.74075,163.45403,1018.0,374.0
58.019226,65.60111,163.12712,1018.0,374.0
58.154476,65.68971,162.80087,1018.0,374.0
58.216278,65.730194,162.47527,1018.0,374.0
56.846375,64.83282,162.15031,1018.0,374.0
57.976437,65.57308,161.82602,1018.0,374.0
58.228813,65.7384,161.50237,1018.0,374.0
58.28087,65.77251,161.17937,1018.0,374.0
59.661247,66.67675,160.85701,1018.0,374.0
58.36779,65.829445,160.5353,1018.0,374.0
58.255417,65.75583,160.21422,1017.0,373.0
58.538666,65.94138,159.89378,1017.0,373.0
58.48355,65.90527,159.57399,1017.0,373.0
56.087967,64.336006,159.25484,1017.0,373.0
58.599506,65.98123,158.93633,1017.0,373.0
58.539536,65.94195,158.61845,1017.0,373.0
58.74539,66.0768,158.30122,1017.0,373.0
58.74831,66.07871,157.98462,1017.0,373.0
58.656544,66.0186,157.66866,1017.0,373.0
58.41077,65.460945,110.46527,1017.0,373.0
85.81222,63.279556,110.24434,1017.0,373.0
91.992744,62.220024,110.02385,1016.0,372.0
98.14423,62.72236,95.77318,1016.0,372.0
105.33022,65.36942,102.148186,1016.0,372.0
113.88631,66.001755,101.943886,1016.0,372.0
122.434105,66.01531,101.74,1016.0,372.0
131.77104,64.72423,101.536514,1016.0,372.0
131.77104,80.0,101.33344,1016.0,372.0
140.27617,66.08513,101.130775,1016.0,372.0
148.2223,66.999664,100.92851,1016.0,372.0
157.19296,65.323494,100.726654,1016.0,372.0
166.18854,65.282715,100.5252,1016.0,372.0
175.33452,65.03665,100.32415,1015.0,370.0
183.51399,66.61791,100.123505,1014.0,370.0
192.34569,65.55084,99.923256,1014.0,368.0
200.7536,66.24416,99.72341,1014.0,367.0
209.07938,66.37854,99.523964,1013.0,365.0
217.89877,65.57096,99.32491,1012.0,364.0
226.18549,66.44247,99.12627,1011.0,361.0
234.49931,66.39811,98.92802,1010.0,359.0
243.26714,65.655334,98.73016,1010.0,358.0
251.51756,66.50183,98.5327,1009.0,355.0
259.78186,66.47914,98.33563,1009.0,352.0
268.57217,65.61856,98.13896,1008.0,349.0
276.2795,67.39037,97.94268,1007.0,343.0
284.49155,66.56461,97.746796,1007.0,338.0
292.68866,66.589066,97.5513,1006.0,330.0
300.86987,66.61506,97.3562,1004.0,322.0
309.5779,65.75317,97.16149,1004.0,312.0
318.07126,66.10439,96.96717,1002.0,301.0
326.16342,66.760735,96.77324,1001.0,290.0
334.37024,66.57319,96.57969,998.0,281.0
342.63004,66.48649,96.38653,996.0,272.0
350.7942,66.64296,96.193756,996.0,266.0
358.82132,66.86715,96.001366,996.0,261.0
366.88138,66.81331,95.809364,996.0,256.0
374.9219,66.84524,95.617744,995.0,250.0
383.39954,66.130104,95.426506,994.0,244.0
391.859,66.1598,95.23566,994.0,238.0
399.96866,66.732155,95.04519,994.0,232.0
407.90094,67.02234,94.855095,994.0,227.0
415.3801,67.763664,94.66538,994.0,221.0
424.0977,65.737495,94.47605,994.0,217.0
431.76492,67.45594,94.2871,994.0,213.0
439.90152,66.68804,94.098526,994.0,208.0
448.50574,65.92302,93.91033,994.0,204.0
456.62488,66.71664,93.72251,994.0,200.0
464.22052,67.573105,93.535065,995.0,197.0
472.78775,65.98353,93.34799,996.0,193.0
480.96683,66.61856,93.16129,997.0,191.0
488.80075,67.18323,92.97497,998.0,187.0
496.91653,66.72209,92.78902,1000.0,181.0
505.21957,66.41573,92.60344,1002.0,177.0
513.21985,66.91113,92.418236,1003.0,173.0
520.8238,67.559555,92.2334,1004.0,168.0
528.8749,66.827995,92.048935,1005.0,163.0
536.5573,67.43106,91.86484,1006.0,160.0
544.2214,67.461136,91.68111,1007.0,156.0
551.8848,67.4622,91.49774,1007.0,154.0
559.5112,67.52271,91.31474,1007.0,150.0
567.1257,67.54237,91.13211,1009.0,144.0
574.7319,67.55586,90.949844,1009.0,142.0
581.87134,68.31944,90.767944,1009.0,137.0
589.4827,67.54735,90.58641,1009.0,133.0
597.47363,66.9264,90.405235,1011.0,130.0
605.02124,67.65172,90.22443,1012.0,127.0
612.5861,67.623375,90.043976,1012.0,123.0
620.1384,67.64398,89.86389,1012.0,119.0
627.6754,67.669075,89.684166,1013.0,117.0
627.6754,80.0,89.5048,1013.0,113.0
634.7062,68.49724,89.32579,1013.0,112.0
642.6547,66.995766,89.14714,1013.0,109.0
650.1025,67.81504,88.96885,1013.0,106.0
657.5553,67.80677,88.79091,1013.0,104.0
664.9475,67.90593,88.61333,1013.0,101.0
672.3604,67.872055,88.436104,1013.0,100.0
680.17804,67.20988,88.25923,1014.0,98.0
687.5451,67.94702,88.08271,1014.0,98.0
694.90015,67.96677,87.90655,1015.0,95.0
702.22723,68.012436,87.730736,1015.0,94.0
709.54816,68.02257,87.555275,1015.0,93.0
716.8538,68.04756,87.380165,1016.0,91.0
724.1455,68.07043,87.20541,1016.0,88.0
731.1607,68.52272,87.031,1017.0,87.0
738.8635,67.39779,86.85693,1017.0,87.0
746.77435,67.05741,86.68322,1017.0,85.0
753.8624,68.40351,86.50986,1017.0,85.0
761.08655,68.1809,86.33684,1017.0,85.0
768.3328,68.14472,86.16416,1017.0,85.0
775.55774,68.17961,85.99184,1017.0,85.0
783.17975,67.52999,85.819855,1017.0,83.0
790.31213,68.33105,85.64822,1017.0,81.0
797.7927,67.76128,85.47692,1017.0,80.0
804.9269,68.32808,85.30597,1016.0,78.0
812.04285,68.3579,85.13536,1015.0,76.0
819.14526,68.38002,84.96509,1014.0,74.0
826.2733,68.33809,84.79516,1013.0,73.0
834.0158,67.3328,84.625565,1013.0,70.0
840.79474,68.90926,84.456314,1012.0,70.0
848.28253,67.7495,84.2874,1010.0,70.0
854.88763,69.19372,84.11883,1010.0,70.0
862.72906,67.171005,83.95059,1010.0,70.0
869.95435,68.17899,83.78269,1010.0,70.0
877.21075,68.12815,83.61513,1010.0,70.0
884.28546,68.425354,83.4479,1009.0,70.0
891.63434,67.97687,83.281006,1009.0,70.0
898.8229,68.23917,83.11444,1009.0,70.0
905.564,68.97108,82.94821,1009.0,70.0
912.74896,68.24505,82.78232,1009.0,70.0
920.34546,67.57169,82.61675,1009.0,70.0
927.24365,68.71413,82.45152,1009.0,70.0
934.5556,68.03719,82.28662,1009.0,70.0
939.3307,68.35277,167.31134,1009.0,70.0
913.65375,84.42456,166.97672,1009.0,70.0
884.7312,89.40839,166.64276,1009.0,70.0
859.88745,93.68937,166.30948,1009.0,70.0
832.0733,98.48219,165.97685,1009.0,70.0
803.89886,103.337105,165.6449,1009.0,70.0
777.7793,107.83793,165.31361,1009.0,70.0
751.4873,112.36846,164.98299,1009.0,70.0
725.36383,116.86996,164.65302,1009.0,70.0
699.0135,121.410545,164.32372,1009.0,70.0
671.5402,126.14464,163.99507,1009.0,70.0
645.48157,130.63496,163.66708,1009.0,70.0
619.5508,135.10326,163.33975,1009.0,70.0
595.3088,139.28055,163.01308,1009.0,70.0
566.8427,144.18571,162.68706,1009.0,70.0
541.9325,148.47815,162.36168,1009.0,70.0
511.54877,153.71376,162.03696,1009.0,70.0
485.72635,158.16339,161.71288,1009.0,70.0
485.72635,158.16339,161.38945,1009.0,70.0
460.15088,162.57047,161.06667,1009.0,70.0
434.5607,166.98007,160.74454,1009.0,70.0
410.70068,171.09154,160.42305,1009.0,70.0
385.17813,175.48949,160.1022,1009.0,70.0
359.91235,179.84319,159.782,1009.0,70.0
334.5987,184.20514,159.46243,1009.0,70.0
308.32523,188.73248,159.14351,1009.0,70.0
283.15036,193.07051,158.82523,1009.0,70.0
258.0265,197.39977,158.50757,1009.0,70.0
232.90163,201.72919,158.19055,1007.0,70.0
206.9286,206.20476,157.87418,1007.0,70.0
179.6588,210.9038,157.55843,1007.0,70.0
153.97403,215.3297,157.24332,1005.0,70.0
130.03061,219.45554,156.92883,1005.0,70.0
104.428055,223.86728,156.61497,1004.0,70.0
79.69903,228.1285,156.30174,1004.0,70.0
55.231712,232.39647,155.98914,1004.0,70.0
53.64363,236.9381,155.67715,1004.0,70.0
56.883102,240.92151,155.3658,1004.0,70.0
55.379257,245.16406,155.05507,1004.0,70.0
55.017612,249.46893,154.74496,1004.0,70.0
55.571426,253.67838,154.43547,1004.0,70.0
54.737263,258.03156,154.1266,1004.0,70.0
55.618618,262.23285,153.81834,1004.0,70.0
55.619938,266.43393,153.51071,1004.0,70.0
55.695473,270.62198,153.20369,1004.0,70.0
55.819267,274.7887,152.89728,1004.0,70.0
55.721775,278.97223,152.59148,1004.0,70.0
54.40658,283.3824,152.2863,1004.0,70.0
54.420998,287.79007,151.98174,1003.0,70.0
55.82402,291.956,151.67776,1002.0,70.0
56.048454,296.08322,151.3744,1001.0,70.0
56.137825,300.19507,151.07166,1000.0,71.0
56.173195,304.3008,150.76952,1000.0,74.0
56.229614,308.39682,150.46797,998.0,76.0
55.76395,312.5731,150.16704,998.0,78.0
53.93344,317.0648,149.8667,996.0,80.0
57.11498,321.00824,149.56697,996.0,81.0
54.20195,325.45367,149.26784,996.0,82.0
57.845577,329.27124,148.9693,995.0,83.0
208.1096,176.32074,148.67136,995.0,83.0
235.80754,174.35655,148.37401,995.0,84.0
255.12524,172.98663,148.07726,994.0,85.0
279.29974,171.27231,147.7811,994.0,85.0
302.87946,169.60016,147.48553,993.0,86.0
326.42288,167.93059,147.19057,993.0,86.0
351.31036,166.1657,146.89618,993.0,86.0
373.48886,164.59291,146.60239,993.0,86.0
398.44257,162.82332,146.30919,993.0,86.0
421.82755,161.16498,146.01657,992.0,87.0
445.2447,159.50435,145.72453,992.0,87.0
468.75354,157.83722,145.43309,992.0,87.0
490.60263,156.2878,145.14223,992.0,87.0
513.8817,154.63696,144.85194,992.0,87.0
538.7333,152.87462,144.56224,992.0,87.0
560.4459,151.33487,144.27312,992.0,87.0
583.69745,149.68599,143.98457,992.0,87.0
606.68976,148.0555,143.69661,992.0,87.0
632.2736,146.24123,143.40921,992.0,87.0
655.28033,144.60971,143.12239,992.0,90.0
655.28033,144.60971,142.83615,992.0,92.0
678.07745,142.99306,142.55048,990.0,95.0
700.93445,141.37216,142.26538,989.0,100.0
723.6383,139.76212,141.98085,987.0,108.0
747.71545,138.05469,141.69688,983.0,122.0
771.74457,136.35066,141.4135,983.0,125.0
795.72955,134.64977,141.13068,983.0,128.0
818.3067,133.0487,140.84842,982.0,131.0
843.5375,131.25948,140.56673,982.0,131.0
863.22345,129.86345,140.2856,982.0,131.0
886.9577,128.18034,140.00502,982.0,131.0
907.906,126.6948,139.725,982.0,131.0
921.0502,123.76213,208.05132,982.0,131.0
887.819,121.73483,207.63521,982.0,131.0
856.63306,119.832306,207.21994,982.0,131.0
823.026,117.78208,206.8055,982.0,131.0
789.9401,115.76365,206.39189,982.0,131.0
756.98816,113.75339,205.97911,982.0,130.0
724.0818,111.7459,205.56715,982.0,128.0
691.22235,109.74129,205.15602,982.0,124.0
656.3121,107.61156,204.74571,982.0,122.0
623.587,105.615135,204.33623,982.0,120.0
592.8307,103.73882,203.92755,983.0,119.0
556.39905,101.51628,203.5197,984.0,117.0
523.7724,99.52586,203.11266,984.0,116.0
491.17737,97.53738,202.70644,984.0,116.0
454.95093,95.327354,202.30103,984.0,116.0
424.54337,93.47231,201.89642,984.0,116.0
392.1455,91.49586,201.49263,985.0,116.0
359.80945,89.52317,201.08965,985.0,116.0
327.5254,87.55366,200.68747,985.0,116.0
293.95718,85.5058,200.28609,985.0,116.0
261.9361,83.55232,199.88551,985.0,116.0
227.83487,81.47195,199.48575,985.0,115.0
195.62434,79.50692,199.08678,985.0,115.0
164.55151,78.10438,198.6886,985.0,115.0
132.5647,78.048615,198.29121,985.0,115.0
100.45898,78.04137,197.89464,985.0,113.0
67.750015,78.00456,197.49886,985.0,113.0
53.76424,77.940186,197.10385,985.0,113.0
111.47691,78.07973,196.70964,985.0,113.0
145.2531,77.93945,196.31622,985.0,113.0
177.10057,78.05712,195.92358,985.0,113.0
208.45686,78.08708,195.53174,985.0,113.0
239.73892,78.09161,195.14067,985.0,113.0
270.99075,78.09345,194.7504,985.0,113.0
300.27002,78.21379,194.3609,985.0,113.0
335.3825,77.85793,193.97218,985.0,113.0
366.58157,78.09667,193.58424,985.0,113.0
395.68185,78.22472,193.19708,985.0,113.0
427.94046,78.032036,192.81068,985.0,113.0
458.84454,78.11467,192.42506,985.0,112.0
489.73196,78.115685,192.0402,985.0,111.0
521.7805,78.044846,191.65613,985.0,111.0
552.41174,78.13132,191.27281,985.0,109.0
586.33826,77.93028,190.89026,985.0,107.0
617.32495,78.109634,190.50848,985.0,107.0
649.7072,78.02449,190.12747,985.0,106.0
678.40643,78.249176,189.74722,985.0,106.0
708.6566,78.154564,189.36772,985.0,106.0
739.0497,78.14584,188.98898,985.0,106.0
771.29456,78.032875,188.61101,985.0,106.0
771.29456,80.0,188.23378,985.0,106.0
801.5064,78.1569,187.85732,985.0,106.0
829.78046,78.275116,187.4816,985.0,106.0
859.86896,78.16443,187.10663,985.0,106.0
890.3227,78.14214,186.73242,985.0,106.0
919.5078,77.89056,224.37375,985.0,106.0
882.14966,71.06161,223.925,985.0,106.0
848.7503,72.0088,223.47716,986.0,104.0
808.46844,70.362076,223.0302,987.0,102.0
775.7635,72.17494,222.58414,987.0,101.0
738.9635,71.19516,222.13896,989.0,96.0
708.33575,72.67194,221.69469,989.0,92.0
669.5222,70.71339,221.2513,991.0,91.0
633.8515,71.465355,220.80879,992.0,87.0
601.54895,72.271225,220.36717,993.0,86.0
567.2583,71.79554,219.92644,994.0,85.0
533.04456,71.81394,219.48659,994.0,85.0
496.831,71.335464,219.0476,994.0,85.0
464.73285,72.32012,218.60951,994.0,85.0
430.54538,71.82023,218.17229,994.0,85.0
394.53616,71.38435,217.73595,994.0,85.0
360.16937,71.77732,217.30048,994.0,85.0
324.65128,71.50186,216.86588,994.0,85.0
288.9722,71.46335,216.43214,994.0,85.0
255.25995,71.93393,215.99928,994.0,85.0
221.18994,71.848335,215.56729,994.0,85.0
187.61954,71.96787,215.13615,994.0,85.0
153.98738,71.953094,214.70589,994.0,85.0
117.564064,71.28528,214.27647,994.0,85.0
83.905426,71.94676,213.84792,994.0,85.0
51.359493,71.56244,213.42023,994.0,85.0
113.52123,71.97964,212.9934,994.0,85.0
145.19499,72.42166,212.56741,994.0,85.0
180.13753,71.63957,212.14227,994.0,85.0
212.92346,72.15556,211.71799,994.0,85.0
247.97922,71.61248,211.29456,994.0,85.0
281.13617,72.066795,210.87196,994.0,85.0
314.00653,72.13536,210.45023,994.0,85.0
346.80707,72.15207,210.02933,994.0,85.0
383.3885,71.247444,209.60927,994.0,85.0
416.071,72.180305,209.19005,994.0,85.0
448.67596,72.19887,208.77167,994.0,85.0
482.46765,71.914925,208.35413,994.0,85.0
515.05237,72.20371,207.93742,994.0,85.0
547.67584,72.194435,207.52155,994.0,85.0
578.0691,72.72804,207.1065,994.0,85.0
610.46875,72.24799,206.69229,994.0,85.0
644.9125,71.75892,206.2789,994.0,85.0
675.12775,72.77063,205.86635,994.0,85.0
707.336,72.293785,205.45462,994.0,85.0
741.4152,71.84613,205.04372,994.0,85.0
773.35175,72.35879,204.63364,994.0,85.0
805.3506,72.34388,204.22437,994.0,85.0
837.2876,72.35867,203.81592,994.0,85.0
870.00476,72.17201,203.40828,994.0,85.0
903.2532,72.044914,203.00146,994.0,85.0
929.24554,71.218414,231.998,994.0,85.0
891.8404,78.57204,231.53401,994.0,85.0
853.2917,78.52838,231.07094,994.0,85.0
816.16925,78.58283,230.6088,994.0,85.0
779.066,78.583565,230.14758,994.0,85.0
779.066,80.0,229.68729,994.0,85.0
740.65094,78.533485,229.2279,994.0,85.0
701.7124,78.513504,228.76945,994.0,85.0
665.1485,78.60416,228.31192,994.0,85.0
628.6422,78.60635,227.8553,994.0,85.0
589.9425,78.52262,227.3996,994.0,85.0
553.39874,78.60493,226.9448,994.0,85.0
517.07544,78.61334,226.4909,994.0,85.0
476.74753,78.460464,226.03792,994.0,85.0
442.37704,78.68789,225.58585,994.0,85.0
406.10263,78.61521,225.13467,994.0,85.0
368.44363,78.56235,224.6844,994.0,85.0
332.49313,78.62757,224.23503,994.0,85.0
296.33734,78.619736,223.78656,994.0,85.0
260.50546,78.6321,223.33899,994.0,85.0
224.69391,78.63287,222.89232,994.0,85.0
186.83046,78.55454,222.44653,994.0,85.0
149.03851,78.557274,222.00163,994.0,85.0
115.62341,78.724365,221.55763,994.0,85.0
80.05963,78.642334,221.11452,994.0,85.0
55.360775,78.64781,220.67229,994.0,85.0
115.1747,78.65719,220.23094,994.0,85.0
150.5515,78.649475,219.79048,994.0,85.0
188.05867,78.568146,219.3509,994.0,85.0
224.96017,78.59127,218.9122,994.0,85.0
262.1838,78.57897,218.47438,994.0,85.0
296.15454,78.70315,218.03743,994.0,85.0
333.62555,78.56953,217.60135,994.0,85.0
366.37833,78.74965,217.16615,994.0,85.0
403.3081,78.59019,216.73183,994.0,85.0
437.9957,78.67579,216.29837,994.0,85.0
472.99756,78.66379,215.86577,994.0,85.0
509.2791,78.61494,215.43404,994.0,85.0
543.7663,78.68343,215.00317,994.0,85.0
578.3169,78.681015,214.57317,994.0,85.0
615.092,78.59609,214.14401,994.0,85.0
647.30444,78.77027,213.71573,994.0,85.0
681.6355,78.68939,213.2883,994.0,84.0
717.66626,78.624504,212.86172,994.0,84.0
750.77155,78.73619,212.436,994.0,82.0
785.59674,78.67053,212.01114,994.0,81.0
823.0255,78.57114,211.58711,994.0,81.0
855.96655,78.74246,211.16394,994.0,81.0
893.4405,78.56941,210.74161,994.0,79.0
924.9295,78.67219,241.00151,994.0,75.0
886.31696,80.473724,240.5195,994.0,71.0
845.5068,80.97441,240.03847,995.0,70.0
804.6925,81.47515,239.5584,997.0,70.0
766.3699,81.94532,239.07928,999.0,70.0
725.7244,82.443985,238.60112,1000.0,70.0
687.4593,82.913445,238.12392,1002.0,70.0
644.70734,83.43795,237.64767,1002.0,70.0
604.31244,83.93354,237.17238,1002.0,70.0
566.36676,84.399086,236.69803,1002.0,70.0
528.40564,84.86482,236.22464,1002.0,70.0
488.34378,85.35633,235.7522,1002.0,70.0
451.30777,85.810715,235.28069,1002.0,70.0
413.76498,86.27132,234.81012,1002.0,70.0
373.5617,86.76456,234.3405,1002.0,70.0
337.15076,87.21127,233.87183,1002.0,70.0
297.1046,87.70258,233.40408,1002.0,70.0
297.1046,87.70258,232.93727,1002.0,70.0
259.6122,88.16257,232.47139,1002.0,70.0
215.69563,88.70136,232.00645,1002.0,70.0
181.82129,89.11696,231.54243,1002.0,70.0
141.35373,89.61344,231.07935,1002.0,70.0
104.09476,90.07056,230.61719,1002.0,70.0
68.99285,90.50121,230.15596,1002.0,70.0
59.417458,90.98481,229.69565,1002.0,70.0
118.62134,91.45864,229.23625,1002.0,70.0
155.35872,91.90936,228.77779,1002.0,70.0
192.03499,92.35933,228.32024,1002.0,70.0
228.73288,92.80956,227.8636,1002.0,70.0
263.09622,93.231155,227.40787,1002.0,70.0
303.29913,93.72439,226.95305,1002.0,70.0
339.7884,94.172066,226.49915,1002.0,70.0
373.8916,94.59047,226.04614,1002.0,70.0
410.22058,95.03618,225.59406,991.0,70.0
450.7879,95.53388,225.14287,988.0,70.0
484.68466,95.94975,224.69258,985.0,70.0
520.79724,96.39281,224.2432,985.0,70.0
561.0295,96.886406,223.79471,985.0,70.0
594.86334,97.301506,223.34712,985.0,70.0
630.63416,97.740364,222.90042,985.0,70.0
667.4556,98.192116,222.45462,985.0,70.0
705.1693,98.654816,222.0097,985.0,70.0
738.605,99.065025,221.56569,985.0,70.0
774.24225,99.50225,221.12256,985.0,70.0
809.6957,99.93722,220.68031,985.0,70.0
847.17737,100.39707,220.23895,986.0,70.0
882.6862,100.83272,219.79848,986.0,70.0
915.78033,101.23874,219.35889,985.0,70.0
943.50903,111.220856,226.59082,976.0,70.0
907.1134,129.40974,226.13763,962.0,70.0
878.70514,143.60692,225.68536,956.0,70.0
842.22,161.84056,225.234,956.0,70.0
810.2237,177.83086,224.78352,956.0,70.0
778.05334,193.90814,224.33395,956.0,70.0
745.911,209.97142,223.88528,956.0,70.0
712.0872,226.87502,223.43752,956.0,70.0
679.93085,242.94533,222.99065,956.0,70.0
646.2404,259.7823,222.54466,956.0,70.0
614.39624,275.69656,222.09958,956.0,70.0
578.6316,293.5701,221.65538,956.0,70.0
544.9278,310.41373,221.21207,956.0,70.0
511.28745,327.22565,220.76964,956.0,70.0
477.71417,344.00406,220.3281,956.0,70.0
444.20923,360.74832,219.88744,956.0,70.0
414.70514,375.49313,219.44766,956.0,70.0
383.29843,391.18878,219.00877,956.0,70.0
349.9951,407.83228,218.57076,916.0,70.0
318.7043,423.47,218.1336,913.0,75.0
285.55222,440.03793,217.69734,908.0,89.0
250.49065,457.56012,217.26195,905.0,100.0
217.45001,474.07233,216.82742,903.0,108.0
184.47644,490.55103,216.39377,900.0,115.0
151.57733,506.99252,215.96098,900.0,121.0
120.66674,522.44025,215.52907,898.0,127.0
89.81624,537.8579,215.098,898.0,133.0
55.183884,555.1656,214.66782,897.0,140.0
52.65092,571.48303,214.23848,895.0,156.0
80.0,571.48303,213.81,893.0,167.0
114.429565,588.6894,213.38237,893.0,179.0
144.96725,603.95074,212.95561,893.0,198.0
173.54315,618.2317,212.5297,892.0,223.0
207.76389,635.3337,212.10463,889.0,242.0
238.10847,650.49854,211.68042,886.0,255.0
270.29764,666.5852,211.25706,884.0,269.0
302.43527,682.6461,210.83455,883.0,278.0
334.49277,698.667,210.41287,881.0,285.0
366.49274,714.6591,209.99205,881.0,293.0
398.42328,730.6166,209.57207,879.0,299.0
428.4185,734.99023,209.15292,879.0,303.0
460.22498,735.89545,208.73462,879.0,307.0
491.96506,735.86224,208.31715,879.0,312.0
523.64465,735.83203,207.90051,879.0,317.0
555.2579,735.7989,207.48471,879.0,324.0
584.9562,734.84186,207.06975,881.0,335.0
616.43585,735.7321,206.65561,885.0,351.0
649.71704,736.63245,206.2423,897.0,380.0
681.0783,735.673,205.8298,908.0,414.0
710.5423,734.7248,205.41814,919.0,442.0
743.6108,736.5261,205.0073,932.0,463.0
774.7905,735.5822,204.59727,942.0,479.0
804.1478,734.67145,204.18808,950.0,491.0
833.3651,734.6015,203.77971,957.0,500.0
862.5393,734.57996,203.37215,962.0,505.0
891.6399,734.54315,202.96541,968.0,512.0
922.4292,735.3871,202.55948,974.0,517.0
949.68365,733.62054,202.15436,980.0,523.0
978.6215,734.46185,201.75005,988.0,533.0
1007.4909,734.4276,201.34654,998.0,543.0
1038.0109,735.2525,200.94385,1007.0,551.0
1066.7843,734.37964,200.54196,1010.0,555.0
1095.6344,734.41797,200.14088,1014.0,560.0
1124.4259,734.3887,199.7406,1017.0,564.0
1153.1737,734.3668,199.34113,1022.0,569.0
1181.7375,734.27496,198.94244,1036.0,579.0
1198.613,734.2995,198.54456,1054.0,591.0
1198.1892,735.89764,198.14746,1074.0,603.0
1139.9857,734.99976,197.75116,1084.0,610.0
1111.6237,734.1741,197.35565,1089.0,617.0
1083.3228,734.1435,196.96094,1091.0,620.0
1055.0869,734.111,196.56702,1092.0,622.0
1026.8234,734.1249,196.17389,1095.0,625.0
998.6987,734.0554,195.78154,1096.0,627.0
970.53595,734.07446,195.38998,1098.0,629.0
940.91736,734.80206,194.9992,1099.0,630.0
911.76215,734.57043,194.6092,1099.0,630.0
885.55273,733.09827,194.21999,1100.0,631.0
855.93896,734.7996,193.83154,1100.0,632.0
828.2646,733.8304,193.44388,1102.0,633.0
797.4892,735.3801,193.05699,1102.0,634.0
771.4779,732.99927,192.67088,1102.0,636.0
743.78815,733.8381,192.28554,1102.0,640.0
713.6779,735.0477,191.90097,1102.0,647.0
687.63617,733.01447,191.51717,1102.0,658.0
660.19836,733.71216,191.13412,1102.0,668.0
630.5728,734.80554,190.75186,1102.0,679.0
601.5655,734.4966,190.37036,1099.0,687.0
572.62024,734.4655,189.98962,1094.0,695.0
543.72455,734.44073,189.60965,1090.0,702.0
543.72455,720.0,189.23042,1086.0,708.0
516.6367,733.5373,188.85196,1085.0,709.0
489.613,733.50525,188.47426,1083.0,711.0
464.2563,732.6721,188.0973,1083.0,711.0
435.72076,734.26074,187.72112,1083.0,711.0
410.45813,732.6251,187.34567,1083.0,711.0
383.6466,733.3992,186.97098,1083.0,711.0
356.8658,733.38385,186.59703,1083.0,711.0
328.72766,734.0622,186.22383,1083.0,711.0
301.9456,733.38446,185.85138,1083.0,711.0
273.44937,734.2411,185.47968,1083.0,711.0
246.22997,733.603,185.10872,1083.0,711.0
218.52519,733.8456,184.7385,1083.0,711.0
189.55647,734.47723,184.36902,1083.0,711.0
164.61021,732.467,184.00027,1083.0,711.0
136.92567,733.83545,183.63228,1083.0,711.0
110.53866,733.187,183.26501,1083.0,711.0
84.1454,733.1902,182.89848,1083.0,711.0
55.518707,734.30634,182.53268,1083.0,711.0
55.046844,732.47046,182.16762,1083.0,711.0
52.647587,733.6695,181.80328,1083.0,711.0
51.37868,734.30365,181.43968,1083.0,711.0
52.657074,733.66473,181.0768,1083.0,711.0
55.281345,732.3533,180.71465,1085.0,710.0
51.633152,734.17645,180.35321,1087.0,710.0
52.82548,733.58057,179.99251,1089.0,710.0
54.047123,732.9701,179.63252,1089.0,710.0
54.27739,732.855,179.27325,1089.0,710.0
54.28666,732.85034,178.9147,1090.0,709.0
53.968548,733.00934,178.55687,1090.0,709.0
50.85365,734.56604,178.19975,1090.0,709.0
54.747482,732.62006,177.84335,1090.0,709.0
51.12475,734.43054,177.48767,1090.0,709.0
55.431377,732.27826,177.13269,1090.0,709.0
55.455006,732.2665,176.77843,1090.0,709.0
54.48747,732.75,176.42487,1090.0,709.0
53.12495,733.4309,176.07202,1090.0,709.0
54.756527,732.61554,175.71988,1090.0,709.0
54.720875,732.63336,175.36844,1090.0,709.0
53.909435,733.0389,175.0177,1092.0,708.0
54.823456,732.5821,174.66766,1092.0,707.0
54.96849,732.50964,174.31833,1092.0,706.0
55.010914,732.4884,173.9697,1092.0,705.0
54.97717,732.50525,173.62175,1092.0,704.0
54.898933,732.5444,173.2745,1092.0,703.0
55.157604,732.4151,172.92796,1092.0,702.0
56.707592,731.6405,172.5821,1092.0,702.0
53.6742,733.15643,172.23694,1092.0,701.0
55.232407,732.37775,171.89247,1092.0,701.0
55.356514,732.3157,171.54869,1092.0,700.0
56.890457,731.54913,171.2056,1092.0,700.0
55.373978,732.30695,170.86319,1092.0,700.0
55.41742,732.2853,170.52147,1092.0,700.0
53.830353,733.0784,170.18042,1092.0,699.0
55.72984,732.12915,169.84006,1092.0,699.0
55.66413,732.162,169.50038,1092.0,699.0
53.817997,733.0846,169.16138,1092.0,699.0
55.354485,732.3167,168.82306,1092.0,699.0
57.28119,731.3538,168.48541,1092.0,699.0
54.48916,732.74915,168.14844,1092.0,699.0
55.909378,732.0394,167.81213,1092.0,699.0
80.0,720.0,167.47652,1092.0,699.0
57.442623,731.27313,167.14157,1092.0,698.0
55.954205,732.017,166.80728,1092.0,697.0
53.706676,733.1402,166.47366,1092.0,697.0
57.571888,731.20856,166.14072,1092.0,697.0
56.101166,731.94354,165.80844,1092.0,697.0
56.12998,731.92914,165.47682,1092.0,697.0
55.200924,732.39343,165.14587,1092.0,697.0
55.701084,732.1435,164.81558,1092.0,697.0
56.394096,731.7972,164.48595,1092.0,697.0
56.33699,731.8257,164.15697,1092.0,696.0
54.888306,732.5497,163.82866,1092.0,695.0
57.071373,731.4587,163.501,1092.0,695.0
55.096584,732.4456,163.17401,1092.0,694.0
58.014973,730.9871,162.84766,1092.0,694.0
55.855545,732.0663,162.52196,1092.0,694.0
56.724785,731.6319,162.19691,1092.0,694.0
56.683994,731.6523,161.87253,1092.0,694.0
56.7215,731.63354,161.54878,1092.0,694.0
55.42067,732.2836,161.22568,1092.0,694.0
57.496967,731.246,160.90323,1092.0,694.0
54.95468,732.51654,160.58142,1092.0,694.0
55.18806,732.3999,160.26025,1092.0,694.0
58.13561,730.9268,159.93973,1092.0,694.0
55.389362,732.29926,159.61984,1092.0,694.0
56.364098,731.81213,159.3006,1092.0,694.0
56.358505,731.81494,158.982,1092.0,694.0
56.527378,731.7305,158.66403,1092.0,694.0
56.421043,731.7837,158.34671,1092.0,694.0
57.984634,731.00226,158.03001,1092.0,694.0
55.322464,732.3327,157.71396,1092.0,694.0
57.849846,731.06964,157.39853,1092.0,694.0
56.762577,731.61304,157.08372,1092.0,694.0
54.93839,732.52466,156.76956,1092.0,694.0
58.583797,730.7028,156.45602,1092.0,694.0
55.444397,732.2718,156.14311,1092.0,694.0
57.485237,731.25183,155.83083,1092.0,694.0
57.7887,731.1002,155.51917,1092.0,694.0
55.49475,732.24664,155.20813,1092.0,694.0
57.14232,731.4232,154.89772,1092.0,694.0
57.354027,731.31744,154.58792,1092.0,694.0
58.13608,730.9266,154.27875,1092.0,694.0
55.989815,731.9992,153.97018,1092.0,694.0
58.22827,730.88055,153.66225,1092.0,694.0
57.260433,731.3642,153.35492,1092.0,694.0
56.44471,731.77185,153.0482,1092.0,694.0
56.874058,731.5573,152.74211,1092.0,694.0
58.77465,730.6075,152.43663,1092.0,694.0
57.395718,731.2966,152.13176,1092.0,694.0
56.11914,731.9346,151.8275,1092.0,694.0
59.52648,730.23175,151.52385,1092.0,694.0
56.977116,731.5058,151.2208,1092.0,694.0
56.18936,731.8995,150.91835,1092.0,694.0
58.226055,730.88165,150.61652,1092.0,694.0
58.087315,730.951,150.31528,1092.0,694.0
58.211952,730.8887,150.01465,1092.0,694.0
57.459644,731.26465,149.71461,1092.0,694.0
58.284554,730.8524,149.41519,1092.0,694.0
58.576313,730.7066,149.11636,1092.0,694.0
57.959755,734.2871,118.20545,1092.0,694.0
85.60543,738.14703,117.96904,1092.0,694.0
87.97222,728.0372,91.94688,1092.0,694.0
92.49549,735.8076,91.762985,1092.0,694.0
96.42578,733.6115,104.11272,1092.0,694.0
103.21371,735.3135,103.90449,1092.0,694.0
109.98005,735.26483,103.69668,1092.0,694.0
117.05437,735.9596,103.48929,1092.0,694.0
124.29433,736.33325,103.28231,1092.0,694.0
130.90823,734.9209,103.075745,1092.0,694.0
137.58627,735.0656,102.86959,1092.0,694.0
144.28848,735.1201,102.66385,1092.0,694.0
150.97911,735.094,102.45852,1092.0,694.0
157.68115,735.11975,102.2536,1092.0,694.0
164.3201,734.9774,102.049095,1092.0,694.0
170.97232,735.0073,101.84499,1092.0,694.0
178.02704,735.9154,101.641304,1092.0,694.0
184.23036,733.9946,101.43802,1092.0,694.0
190.88731,735.018,101.235146,1092.0,694.0
197.45718,734.8216,101.03268,1092.0,694.0
204.04291,734.8573,100.83061,1092.0,694.0
211.02238,735.7456,100.62895,1092.0,694.0
217.16414,733.8557,100.4277,1092.0,694.0
224.3656,736.24646,100.22684,1092.0,694.0
230.64206,734.1596,100.02638,1092.0,694.0
237.16417,734.7138,99.82633,1092.0,694.0
243.80617,734.98425,99.62668,1092.0,694.0
250.27081,734.58417,99.42742,1092.0,694.0
256.75073,734.6186,99.22857,1092.0,694.0
263.7188,735.7199,99.03011,1092.0,694.0
269.76337,733.6365,98.832054,1092.0,694.0
276.2015,734.5244,98.63439,1092.0,694.0
282.62955,734.5016,98.437126,1092.0,694.0
289.0426,734.4678,98.24025,1092.0,694.0
295.68298,734.9806,98.04377,1092.0,694.0
302.06454,734.3967,97.84768,1092.0,694.0
308.4413,734.3859,97.651985,1092.0,694.0
315.50046,735.92535,97.45668,1092.0,694.0
321.62335,733.8132,97.261765,1092.0,694.0
327.9336,734.23584,97.06724,1092.0,694.0
334.25815,734.2681,96.8731,1092.0,694.0
340.5712,734.2422,96.67935,1092.0,694.0
346.90955,734.29926,96.48599,1092.0,694.0
353.71652,735.3565,96.29302,1092.0,694.0
359.60583,733.28625,96.10043,1092.0,694.0
366.232,734.94855,95.90823,1092.0,694.0
372.4592,734.0485,95.716415,1092.0,694.0
378.71622,734.1158,95.52499,1092.0,694.0
386.46393,737.47876,95.33394,1092.0,694.0
391.89435,732.251,95.14327,1092.0,694.0
398.27585,734.3966,94.95299,1092.0,694.0
405.02905,735.23517,94.763084,1092.0,694.0
411.01633,733.5072,94.573555,1086.0,694.0
417.5636,734.7706,94.38441,1084.0,694.0
424.0432,734.6179,94.19564,1075.0,694.0
429.9015,733.2162,94.00725,1070.0,694.0
436.68298,735.29895,93.81924,1063.0,694.0
442.97678,734.1987,93.6316,1059.0,694.0
449.25742,734.16907,93.444336,1051.0,697.0
455.34625,733.7364,93.25745,1039.0,700.0
461.40558,733.6698,93.07093,1026.0,705.0
467.45093,733.63824,92.88479,1011.0,708.0
473.50372,733.655,92.69902,999.0,710.0
473.50372,720.0,92.513626,991.0,711.0
479.13895,732.713,92.3286,981.0,712.0
485.8138,735.0585,92.14394,972.0,714.0
491.4384,732.689,91.959656,960.0,716.0
498.1414,735.12195,91.775734,939.0,719.0
504.48447,734.3099,91.592186,927.0,720.0
510.72684,734.08276,91.409004,914.0,722.0
517.02356,734.2053,91.22619,907.0,723.0
522.96625,733.4066,91.04374,901.0,724.0
528.89813,733.3823,90.86165,896.0,725.0
535.1015,733.99475,90.679924,894.0,725.0
541.0099,733.3293,90.498566,890.0,726.0
546.535,732.4645,90.317566,890.0,727.0
553.09503,734.7994,90.13693,888.0,727.0
558.59717,732.4127,89.95666,882.0,728.0
564.4579,733.22174,89.77674,877.0,730.0
570.30865,733.1993,89.59719,869.0,730.0
576.1465,733.1701,89.418,864.0,730.0
582.1579,733.56177,89.23917,859.0,730.0
587.9493,733.06525,89.060684,853.0,730.0
593.7541,733.0956,88.88256,847.0,730.0
599.5688,733.11786,88.704796,842.0,730.0
605.32635,732.98895,88.52739,840.0,730.0
611.11694,733.06354,88.350334,836.0,730.0
616.8531,732.9406,88.17363,832.0,730.0
622.5992,732.9632,87.997284,828.0,730.0
628.789,733.9642,87.82129,826.0,730.0
634.14813,732.0902,87.645645,822.0,730.0
639.85986,732.88556,87.47035,819.0,730.0
645.5567,732.85205,87.29541,815.0,730.0
651.932,734.3826,87.12082,811.0,730.0
658.3315,734.4372,86.94658,803.0,730.0
663.9077,732.57996,86.77268,798.0,730.0
669.28424,732.12933,86.59914,793.0,730.0
675.22784,733.4087,86.42594,789.0,730.0
680.8356,732.651,86.25309,783.0,730.0
686.45654,732.68085,86.08058,776.0,730.0
692.047,732.61206,85.90842,769.0,730.0
697.45044,733.07324,163.77112,764.0,730.0
671.6591,715.29584,163.44357,759.0,730.0
645.63336,710.5489,163.11668,755.0,730.0
619.9451,705.8635,162.79045,751.0,730.0
592.92957,700.93604,162.46487,751.0,730.0
567.32764,696.2664,162.13994,751.0,730.0
541.0563,691.4747,161.81566,751.0,730.0
514.3363,686.60114,161.49202,751.0,730.0
487.9882,681.7954,161.16904,751.0,730.0
462.49426,677.1455,160.8467,751.0,730.0
435.3626,672.19684,160.52501,751.0,730.0
411.58258,667.8595,160.20396,750.0,730.0
384.6241,662.94244,159.88356,752.0,729.0
359.33966,658.3307,159.5638,755.0,726.0
334.10434,653.7279,159.24467,760.0,719.0
309.01523,649.1518,158.92618,767.0,715.0
283.9991,644.589,158.60832,772.0,707.0
257.42587,639.7422,158.2911,779.0,700.0
232.55612,635.2061,157.97452,792.0,684.0
206.13461,630.387,157.65857,806.0,675.0
179.77121,625.5785,157.34325,814.0,667.0
153.45605,620.77875,157.02856,818.0,663.0
128.73724,616.2702,156.71451,821.0,660.0
128.73724,616.2702,156.40108,823.0,656.0
108.43865,605.92926,187.80066,825.0,652.0
152.17413,576.7215,187.42506,827.0,647.0
178.66656,559.0291,187.05022,829.0,643.0
205.11208,541.36804,186.67612,832.0,637.0
229.94748,524.7823,186.30276,834.0,629.0
256.28577,507.19284,185.93016,838.0,618.0
282.57214,489.63806,185.5583,843.0,605.0
307.261,473.15015,185.1872,846.0,594.0
330.43005,457.67722,184.81682,849.0,583.0
356.48773,440.27518,184.44719,852.0,571.0
379.56558,424.86313,184.0783,852.0,564.0
405.55954,407.50363,183.71013,854.0,555.0
429.9053,391.24484,183.34271,855.0,546.0
454.7697,374.63968,182.97603,857.0,537.0
479.07617,358.40714,182.61008,858.0,525.0
503.49152,342.1019,182.24486,861.0,511.0
526.34656,326.83865,181.88037,863.0,497.0
550.6681,310.59604,181.51662,867.0,481.0
574.9342,294.39044,181.15358,878.0,461.0
599.498,277.98605,180.79128,899.0,428.0
623.94946,261.65665,180.42969,916.0,397.0
647.9765,245.61072,180.06883,928.0,373.0
672.7234,229.08406,179.7087,938.0,351.0
696.6514,213.10425,179.34927,945.0,330.0
720.63007,197.09065,178.99057,948.0,308.0
744.5695,181.10323,178.63258,951.0,288.0
768.4603,165.14827,178.27531,955.0,263.0
794.69666,147.62694,177.91876,956.0,240.0
819.8932,130.8,177.56293,959.0,220.0
843.55133,115.00044,177.2078,962.0,198.0
867.2379,99.1819,176.85338,964.0,179.0
890.78076,83.45933,176.49966,964.0,167.0
914.387,67.69439,176.14667,962.0,158.0
937.85864,64.32499,175.79437,962.0,150.0
961.3285,64.32618,175.44278,962.0,138.0
984.85895,64.28571,175.09189,962.0,122.0